EXECUTORS|0|1|4|26372|51072|477.44s|3652.35MB|169.235.27.135:41259|app-20190517105141-0288
STAGES|4836|count at FF.scala:499                |1|4|2019-05-17T18:01:31.950GMT|2019-05-17T18:01:32.312GMT| 600|105|106652717|14901768|40128|0|0|app-20190517105141-0288
STAGES|4739|count at FF.scala:273                |1|4|2019-05-17T18:01:31.505GMT|2019-05-17T18:01:31.938GMT| 600|104|107100253|14901768|40128|0|0|app-20190517105141-0288
STAGES|4642|count at FF.scala:270                |1|4|2019-05-17T18:01:29.934GMT|2019-05-17T18:01:31.493GMT| 600|4798|3457614698|14901768|40128|0|0|app-20190517105141-0288
STAGES|4545|count at FF.scala:265                |1|4|2019-05-17T18:01:29.896GMT|2019-05-17T18:01:29.917GMT|  12|5|3494385|8581976|31446|0|0|app-20190517105141-0288
STAGES|4446|aggregate at SpatialRDD.java:515     |1|4|2019-05-17T18:01:29.121GMT|2019-05-17T18:01:29.886GMT|  12|2944|2900057817|0|0|1277422|31446|app-20190517105141-0288
STAGES|4445|distinct at FF.scala:258             |1|4|2019-05-17T18:01:28.597GMT|2019-05-17T18:01:29.120GMT|  12|1985|1961109630|0|0|2508558|44690|app-20190517105141-0288
STAGES|4444|map at FF.scala:255                  |1|4|2019-05-17T18:01:27.451GMT|2019-05-17T18:01:28.594GMT| 412|3408|3208764942|19462856|44690|0|0|app-20190517105141-0288
STAGES|4347|count at FF.scala:242                |1|4|2019-05-17T18:01:27.059GMT|2019-05-17T18:01:27.413GMT| 200|879|691312004|2233032|13580|0|0|app-20190517105141-0288
STAGES|4250|count at FF.scala:225                |1|4|2019-05-17T18:01:26.562GMT|2019-05-17T18:01:27.044GMT| 200|1433|1184389001|0|0|1310695|13580|app-20190517105141-0288
STAGES|4249|distinct at FF.scala:415             |1|4|2019-05-17T18:01:26.160GMT|2019-05-17T18:01:26.554GMT| 200|617|596527831|7559736|19751|0|0|app-20190517105141-0288
STAGES|4153|count at FF.scala:416                |1|4|2019-05-17T18:01:25.804GMT|2019-05-17T18:01:26.148GMT| 200|129|40876346|7559736|19751|0|0|app-20190517105141-0288
STAGES|4057|count at FF.scala:403                |1|4|2019-05-17T18:01:24.870GMT|2019-05-17T18:01:25.786GMT| 200|2508|2110398065|0|0|6111060|91375|app-20190517105141-0288
STAGES|4056|rdd at FF.scala:402                  |1|4|2019-05-17T18:01:22.675GMT|2019-05-17T18:01:24.864GMT|  12|621|602326987|20660440|71624|0|0|app-20190517105141-0288
STAGES|4055|rdd at FF.scala:402                  |1|4|2019-05-17T18:01:22.661GMT|2019-05-17T18:01:24.680GMT| 900|5352|4914965413|4898104|19751|0|0|app-20190517105141-0288
STAGES|3961|count at FF.scala:373                |1|4|2019-05-17T18:00:43.414GMT|2019-05-17T18:01:22.287GMT| 900|87469|85831216639|27418504|85477|0|0|app-20190517105141-0288
STAGES|3867|count at FF.scala:353                |1|4|2019-05-17T18:00:41.833GMT|2019-05-17T18:00:43.389GMT| 900|4176|2983224670|0|0|2668124|85477|app-20190517105141-0288
STAGES|3866|flatMap at FF.scala:348              |1|4|2019-05-17T18:00:39.807GMT|2019-05-17T18:00:41.801GMT| 901|4458|3158641408|0|0|2855554|71624|app-20190517105141-0288
STAGES|3865|flatMapToPair at SpatialRDD.java:347 |1|4|2019-05-17T18:00:39.613GMT|2019-05-17T18:00:39.794GMT|  12|616|616136305|20660440|71624|0|0|app-20190517105141-0288
STAGES|3773|aggregate at SpatialRDD.java:515     |1|4|2019-05-17T18:00:39.568GMT|2019-05-17T18:00:39.595GMT|  12|13|13930553|20660440|71624|0|0|app-20190517105141-0288
STAGES|3681|collect at SpatialRDD.java:247       |1|4|2019-05-17T18:00:39.525GMT|2019-05-17T18:00:39.548GMT|  12|10|6254062|20660440|71624|0|0|app-20190517105141-0288
STAGES|3589|aggregate at SpatialRDD.java:515     |1|4|2019-05-17T18:00:39.487GMT|2019-05-17T18:00:39.512GMT|  12|15|14099889|20660440|71624|0|0|app-20190517105141-0288
STAGES|3497|aggregate at SpatialRDD.java:515     |1|4|2019-05-17T18:00:39.450GMT|2019-05-17T18:00:39.475GMT|  12|16|14165436|20660440|71624|0|0|app-20190517105141-0288
STAGES|3405|aggregate at SpatialRDD.java:515     |1|4|2019-05-17T18:00:39.239GMT|2019-05-17T18:00:39.437GMT|  12|694|674490773|40237200|71624|0|0|app-20190517105141-0288
STAGES|3313|count at FF.scala:155                |1|4|2019-05-17T18:00:38.777GMT|2019-05-17T18:00:39.223GMT|  12|1688|1672052820|52212704|88746|0|0|app-20190517105141-0288
STAGES|3221|count at FF.scala:152                |1|4|2019-05-17T18:00:38.147GMT|2019-05-17T18:00:38.754GMT|  12|2317|2301727618|52212704|88746|0|0|app-20190517105141-0288
STAGES|3129|count at FF.scala:141                |1|4|2019-05-17T18:00:37.103GMT|2019-05-17T18:00:38.122GMT|  12|3968|3895691650|0|0|12697468|172889|app-20190517105141-0288
STAGES|3128|map at FF.scala:138                  |1|4|2019-05-17T18:00:27.860GMT|2019-05-17T18:00:37.102GMT|  12|27786|26802383866|0|0|40560276|136439|app-20190517105141-0288
STAGES|3127|mapToPair at JoinQuery.java:429      |1|4|2019-05-17T17:59:57.531GMT|2019-05-17T18:00:27.857GMT| 901|118291|116969662126|0|0|48609599|1212042|app-20190517105141-0288
STAGES|3126|distinct at JoinQuery.java:508       |1|4|2019-05-17T17:59:53.802GMT|2019-05-17T17:59:57.472GMT| 901|11781|11292874222|0|0|3612136|51394|app-20190517105141-0288
STAGES|3125|flatMapToPair at SpatialRDD.java:347 |1|4|2019-05-17T17:59:53.361GMT|2019-05-17T17:59:53.778GMT| 200|641|636697143|3304976|13988|0|0|app-20190517105141-0288
STAGES|3124|flatMapToPair at SpatialRDD.java:347 |1|4|2019-05-17T17:59:53.350GMT|2019-05-17T17:59:53.452GMT|  12|298|295796496|7021536|26972|0|0|app-20190517105141-0288
STAGES|3037|collect at SpatialRDD.java:247       |1|4|2019-05-17T17:59:53.240GMT|2019-05-17T17:59:53.263GMT|  12|1|3909289|7021536|26972|0|0|app-20190517105141-0288
STAGES|2961|aggregate at SpatialRDD.java:515     |1|4|2019-05-17T17:59:53.204GMT|2019-05-17T17:59:53.226GMT|  12|7|4918847|7021536|26972|0|0|app-20190517105141-0288
STAGES|2885|count at FF.scala:77                 |1|4|2019-05-17T17:59:53.062GMT|2019-05-17T17:59:53.192GMT| 200|44|36155482|3304976|13988|0|0|app-20190517105141-0288
STAGES|2873|aggregate at SpatialRDD.java:515     |1|4|2019-05-17T17:59:52.568GMT|2019-05-17T17:59:53.057GMT| 200|1442|1247861002|0|0|1295857|13988|app-20190517105141-0288
STAGES|2861|count at MF.scala:243                |1|4|2019-05-17T17:59:52.153GMT|2019-05-17T17:59:52.549GMT| 200|1063|935243727|0|0|1295857|13988|app-20190517105141-0288
STAGES|2860|distinct at MF.scala:242             |1|4|2019-05-17T17:59:50.881GMT|2019-05-17T17:59:52.145GMT| 200|3902|3561739994|0|0|7074529|102390|app-20190517105141-0288
STAGES|2859|rdd at MF.scala:242                  |1|4|2019-05-17T17:59:45.983GMT|2019-05-17T17:59:50.862GMT| 200|18522|7665122785|0|0|3801011|141122|app-20190517105141-0288
STAGES|2858|rdd at MF.scala:242                  |1|4|2019-05-17T17:59:43.593GMT|2019-05-17T17:59:45.978GMT|  16|445|413882363|0|0|674661|37108|app-20190517105141-0288
STAGES|2857|rdd at MF.scala:242                  |1|4|2019-05-17T17:59:43.582GMT|2019-05-17T17:59:45.855GMT| 900|6419|6017500270|5085616|20576|0|0|app-20190517105141-0288
STAGES|2849|count at MF.scala:211                |1|4|2019-05-17T17:59:13.562GMT|2019-05-17T17:59:43.172GMT| 900|82720|74349684843|28188808|104500|0|0|app-20190517105141-0288
STAGES|2841|count at MF.scala:175                |1|4|2019-05-17T17:59:11.533GMT|2019-05-17T17:59:13.543GMT| 900|5915|4558369869|0|0|2528229|104500|app-20190517105141-0288
STAGES|2840|flatMap at MF.scala:170              |1|4|2019-05-17T17:59:09.331GMT|2019-05-17T17:59:11.503GMT| 901|5450|4161459325|0|0|2339389|74062|app-20190517105141-0288
STAGES|2839|flatMapToPair at SpatialRDD.java:347 |1|4|2019-05-17T17:59:09.098GMT|2019-05-17T17:59:09.319GMT|  12|593|588577178|17724720|74062|0|0|app-20190517105141-0288
STAGES|2833|collect at SpatialRDD.java:247       |1|4|2019-05-17T17:59:09.015GMT|2019-05-17T17:59:09.070GMT|  12|15|15925420|17724720|74062|0|0|app-20190517105141-0288
STAGES|2827|count at MF.scala:141                |1|4|2019-05-17T17:59:08.985GMT|2019-05-17T17:59:09.006GMT|  12|3|4822322|17724720|74062|0|0|app-20190517105141-0288
STAGES|2821|count at MF.scala:135                |1|4|2019-05-17T17:59:08.960GMT|2019-05-17T17:59:08.982GMT|  12|6|4772297|17724720|74062|0|0|app-20190517105141-0288
STAGES|2815|aggregate at SpatialRDD.java:515     |1|4|2019-05-17T17:59:08.931GMT|2019-05-17T17:59:08.956GMT|  12|12|10754559|17724720|74062|0|0|app-20190517105141-0288
STAGES|2809|aggregate at SpatialRDD.java:515     |1|4|2019-05-17T17:59:08.680GMT|2019-05-17T17:59:08.923GMT|  12|646|624562632|0|0|4512478|113390|app-20190517105141-0288
STAGES|2803|count at MF.scala:126                |1|4|2019-05-17T17:59:08.558GMT|2019-05-17T17:59:08.670GMT|  12|294|284558677|0|0|4512478|113390|app-20190517105141-0288
STAGES|2802|distinct at MF.scala:125             |1|4|2019-05-17T17:59:07.618GMT|2019-05-17T17:59:08.557GMT|  12|3014|2065024338|0|0|14852184|167997|app-20190517105141-0288
STAGES|2801|map at MF.scala:112                  |1|4|2019-05-17T17:59:06.367GMT|2019-05-17T17:59:07.617GMT|  16|4635|4574088214|45614800|16|3037598|171069|app-20190517105141-0288
STAGES|2800|flatMapToPair at SpatialRDD.java:347 |1|4|2019-05-17T17:59:06.259GMT|2019-05-17T17:59:06.365GMT|  32|248|251279333|20394208|164996|0|0|app-20190517105141-0288
STAGES|2797|aggregate at SpatialRDD.java:515     |1|4|2019-05-17T17:59:06.184GMT|2019-05-17T17:59:06.234GMT|  32|43|48912578|20394208|164996|0|0|app-20190517105141-0288
STAGES|2794|aggregate at SpatialRDD.java:515     |1|4|2019-05-17T17:59:05.639GMT|2019-05-17T17:59:06.175GMT|  32|1920|1395492464|124281568|78760|0|0|app-20190517105141-0288
STAGES|2791|count at MF.scala:97                 |1|4|2019-05-17T17:59:05.447GMT|2019-05-17T17:59:05.626GMT|  32|538|533784543|124281568|78760|0|0|app-20190517105141-0288
STAGES|2788|count at MF.scala:83                 |1|4|2019-05-17T17:59:04.861GMT|2019-05-17T17:59:05.432GMT|  16|2007|1940890168|0|0|1433442|76472|app-20190517105141-0288
STAGES|2787|flatMapToPair at SpatialRDD.java:347 |1|4|2019-05-17T17:59:04.798GMT|2019-05-17T17:59:04.859GMT|   8|72|72263800|8391720|37108|0|0|app-20190517105141-0288
STAGES|2786|flatMapToPair at SpatialRDD.java:347 |1|4|2019-05-17T17:59:04.790GMT|2019-05-17T17:59:04.833GMT|   8|82|80683549|8391720|37108|0|0|app-20190517105141-0288
STAGES|2785|count at MF.scala:67                 |1|4|2019-05-17T17:59:04.758GMT|2019-05-17T17:59:04.778GMT|   8|1|2951809|8391720|37108|0|0|app-20190517105141-0288
STAGES|2784|collect at SpatialRDD.java:247       |1|4|2019-05-17T17:59:04.726GMT|2019-05-17T17:59:04.747GMT|   8|8|6314730|8391720|37108|0|0|app-20190517105141-0288
STAGES|2783|aggregate at SpatialRDD.java:515     |1|4|2019-05-17T17:59:04.696GMT|2019-05-17T17:59:04.718GMT|   8|8|8578902|8391720|37108|0|0|app-20190517105141-0288
STAGES|2782|aggregate at SpatialRDD.java:515     |1|4|2019-05-17T17:59:04.667GMT|2019-05-17T17:59:04.688GMT|   8|5|5747475|8391720|37108|0|0|app-20190517105141-0288
STAGES|2781|count at FF.scala:265                |1|4|2019-05-17T17:59:04.636GMT|2019-05-17T17:59:04.657GMT|  12|5|3506184|7021536|26972|0|0|app-20190517105141-0288
STAGES|2705|aggregate at SpatialRDD.java:515     |1|4|2019-05-17T17:59:03.956GMT|2019-05-17T17:59:04.627GMT|  12|2579|2538113838|0|0|1098071|26972|app-20190517105141-0288
STAGES|2704|distinct at FF.scala:258             |1|4|2019-05-17T17:59:03.475GMT|2019-05-17T17:59:03.954GMT|  12|1816|1788475504|0|0|2274162|39690|app-20190517105141-0288
STAGES|2703|map at FF.scala:255                  |1|4|2019-05-17T17:59:02.339GMT|2019-05-17T17:59:03.472GMT| 412|3223|3028092714|15524072|39690|0|0|app-20190517105141-0288
STAGES|2629|count at FF.scala:242                |1|4|2019-05-17T17:59:01.969GMT|2019-05-17T17:59:02.302GMT| 200|852|649011088|2193280|13342|0|0|app-20190517105141-0288
STAGES|2555|count at FF.scala:225                |1|4|2019-05-17T17:59:01.482GMT|2019-05-17T17:59:01.956GMT| 200|1345|1054301648|0|0|1294069|13342|app-20190517105141-0288
STAGES|2554|distinct at FF.scala:415             |1|4|2019-05-17T17:59:01.001GMT|2019-05-17T17:59:01.474GMT| 200|734|575674149|7372264|19401|0|0|app-20190517105141-0288
STAGES|2481|count at FF.scala:416                |1|4|2019-05-17T17:59:00.747GMT|2019-05-17T17:59:00.990GMT| 200|40|40380284|7372264|19401|0|0|app-20190517105141-0288
STAGES|2408|count at FF.scala:403                |1|4|2019-05-17T17:58:59.889GMT|2019-05-17T17:59:00.729GMT| 200|2311|1943966996|0|0|6310363|94803|app-20190517105141-0288
STAGES|2407|rdd at FF.scala:402                  |1|4|2019-05-17T17:58:57.617GMT|2019-05-17T17:58:59.883GMT| 900|5361|4922730081|4822752|19401|0|0|app-20190517105141-0288
STAGES|2404|rdd at FF.scala:402                  |1|4|2019-05-17T17:58:57.600GMT|2019-05-17T17:58:57.865GMT|  12|921|565492266|22103088|75402|0|0|app-20190517105141-0288
STAGES|2335|count at FF.scala:373                |1|4|2019-05-17T17:58:12.625GMT|2019-05-17T17:58:57.213GMT| 900|97566|96384976371|28881224|89552|0|0|app-20190517105141-0288
STAGES|2264|count at FF.scala:353                |1|4|2019-05-17T17:58:10.984GMT|2019-05-17T17:58:12.600GMT| 900|4271|2694951000|0|0|2813944|89552|app-20190517105141-0288
STAGES|2263|flatMap at FF.scala:348              |1|4|2019-05-17T17:58:09.028GMT|2019-05-17T17:58:10.955GMT| 901|4517|3291117969|0|0|2990503|75402|app-20190517105141-0288
STAGES|2262|flatMapToPair at SpatialRDD.java:347 |1|4|2019-05-17T17:58:08.827GMT|2019-05-17T17:58:09.016GMT|  12|647|646554373|22103088|75402|0|0|app-20190517105141-0288
STAGES|2193|aggregate at SpatialRDD.java:515     |1|4|2019-05-17T17:58:08.776GMT|2019-05-17T17:58:08.809GMT|  12|15|16894667|22103088|75402|0|0|app-20190517105141-0288
STAGES|2124|collect at SpatialRDD.java:247       |1|4|2019-05-17T17:58:08.706GMT|2019-05-17T17:58:08.756GMT|  12|9|8383719|22103088|75402|0|0|app-20190517105141-0288
STAGES|2055|aggregate at SpatialRDD.java:515     |1|4|2019-05-17T17:58:08.668GMT|2019-05-17T17:58:08.694GMT|  12|19|17125745|22103088|75402|0|0|app-20190517105141-0288
STAGES|1986|aggregate at SpatialRDD.java:515     |1|4|2019-05-17T17:58:08.630GMT|2019-05-17T17:58:08.656GMT|  12|17|14694011|22103088|75402|0|0|app-20190517105141-0288
STAGES|1917|aggregate at SpatialRDD.java:515     |1|4|2019-05-17T17:58:08.422GMT|2019-05-17T17:58:08.619GMT|  12|698|678328470|43556912|75402|0|0|app-20190517105141-0288
STAGES|1848|count at FF.scala:155                |1|4|2019-05-17T17:58:08.057GMT|2019-05-17T17:58:08.407GMT|  12|1302|1285978228|49813696|87758|0|0|app-20190517105141-0288
STAGES|1779|count at FF.scala:152                |1|4|2019-05-17T17:58:07.414GMT|2019-05-17T17:58:08.035GMT|  12|2395|2375269461|49813696|87758|0|0|app-20190517105141-0288
STAGES|1710|count at FF.scala:141                |1|4|2019-05-17T17:58:06.328GMT|2019-05-17T17:58:07.389GMT|  12|4152|3925076097|0|0|12490741|170508|app-20190517105141-0288
STAGES|1709|map at FF.scala:138                  |1|4|2019-05-17T17:57:56.914GMT|2019-05-17T17:58:06.327GMT|  12|28379|27139985869|0|0|41296523|134353|app-20190517105141-0288
STAGES|1708|mapToPair at JoinQuery.java:429      |1|4|2019-05-17T17:57:24.571GMT|2019-05-17T17:57:56.911GMT| 901|126394|124008590329|0|0|49527728|1266892|app-20190517105141-0288
STAGES|1707|distinct at JoinQuery.java:508       |1|4|2019-05-17T17:57:20.790GMT|2019-05-17T17:57:24.515GMT| 901|12076|11581478134|0|0|3600908|51472|app-20190517105141-0288
STAGES|1706|flatMapToPair at SpatialRDD.java:347 |1|4|2019-05-17T17:57:20.286GMT|2019-05-17T17:57:20.766GMT|  12|314|312879484|7048576|27016|0|0|app-20190517105141-0288
STAGES|1705|flatMapToPair at SpatialRDD.java:347 |1|4|2019-05-17T17:57:20.275GMT|2019-05-17T17:57:20.669GMT| 200|797|652549521|3315160|13992|0|0|app-20190517105141-0288
STAGES|1641|collect at SpatialRDD.java:247       |1|4|2019-05-17T17:57:20.187GMT|2019-05-17T17:57:20.209GMT|  12|7|4129492|7048576|27016|0|0|app-20190517105141-0288
STAGES|1588|aggregate at SpatialRDD.java:515     |1|4|2019-05-17T17:57:20.153GMT|2019-05-17T17:57:20.174GMT|  12|7|5289419|7048576|27016|0|0|app-20190517105141-0288
STAGES|1535|count at FF.scala:77                 |1|4|2019-05-17T17:57:20.012GMT|2019-05-17T17:57:20.142GMT| 200|42|35781389|3315160|13992|0|0|app-20190517105141-0288
STAGES|1523|aggregate at SpatialRDD.java:515     |1|4|2019-05-17T17:57:19.503GMT|2019-05-17T17:57:20.007GMT| 200|1489|1285696564|0|0|1301399|13992|app-20190517105141-0288
STAGES|1511|count at MF.scala:243                |1|4|2019-05-17T17:57:19.101GMT|2019-05-17T17:57:19.483GMT| 200|1031|987478891|0|0|1301399|13992|app-20190517105141-0288
STAGES|1510|distinct at MF.scala:242             |1|4|2019-05-17T17:57:17.601GMT|2019-05-17T17:57:19.093GMT| 200|4625|4343421826|0|0|7114045|103301|app-20190517105141-0288
STAGES|1509|rdd at MF.scala:242                  |1|4|2019-05-17T17:57:14.135GMT|2019-05-17T17:57:17.582GMT| 200|12598|8122654850|0|0|3805384|142110|app-20190517105141-0288
STAGES|1508|rdd at MF.scala:242                  |1|4|2019-05-17T17:57:11.476GMT|2019-05-17T17:57:14.130GMT| 900|7267|6784358579|5125520|20581|0|0|app-20190517105141-0288
STAGES|1507|rdd at MF.scala:242                  |1|4|2019-05-17T17:57:11.458GMT|2019-05-17T17:57:11.600GMT|  16|451|415755777|0|0|675586|37108|app-20190517105141-0288
STAGES|1499|count at MF.scala:211                |1|4|2019-05-17T17:56:42.703GMT|2019-05-17T17:57:11.039GMT| 900|75628|74569580349|28056168|104658|0|0|app-20190517105141-0288
STAGES|1491|count at MF.scala:175                |1|4|2019-05-17T17:56:40.756GMT|2019-05-17T17:56:42.683GMT| 900|5685|4694971768|0|0|2536333|104658|app-20190517105141-0288
STAGES|1490|flatMap at MF.scala:170              |1|4|2019-05-17T17:56:38.618GMT|2019-05-17T17:56:40.727GMT| 901|5193|4144152001|0|0|2346326|74178|app-20190517105141-0288
STAGES|1489|flatMapToPair at SpatialRDD.java:347 |1|4|2019-05-17T17:56:38.390GMT|2019-05-17T17:56:38.606GMT|  12|695|693094300|17435552|74178|0|0|app-20190517105141-0288
STAGES|1483|collect at SpatialRDD.java:247       |1|4|2019-05-17T17:56:38.315GMT|2019-05-17T17:56:38.366GMT|  12|18|16660404|17435552|74178|0|0|app-20190517105141-0288
STAGES|1477|count at MF.scala:141                |1|4|2019-05-17T17:56:38.286GMT|2019-05-17T17:56:38.307GMT|  12|5|5040177|17435552|74178|0|0|app-20190517105141-0288
STAGES|1471|count at MF.scala:135                |1|4|2019-05-17T17:56:38.261GMT|2019-05-17T17:56:38.282GMT|  12|3|4781317|17435552|74178|0|0|app-20190517105141-0288
STAGES|1465|aggregate at SpatialRDD.java:515     |1|4|2019-05-17T17:56:38.235GMT|2019-05-17T17:56:38.257GMT|  12|10|9331451|17435552|74178|0|0|app-20190517105141-0288
STAGES|1459|aggregate at SpatialRDD.java:515     |1|4|2019-05-17T17:56:37.936GMT|2019-05-17T17:56:38.227GMT|  12|851|700106872|0|0|4520066|113353|app-20190517105141-0288
STAGES|1453|count at MF.scala:126                |1|4|2019-05-17T17:56:37.814GMT|2019-05-17T17:56:37.927GMT|  12|359|348174173|0|0|4520066|113353|app-20190517105141-0288
STAGES|1452|distinct at MF.scala:125             |1|4|2019-05-17T17:56:37.103GMT|2019-05-17T17:56:37.813GMT|  12|2087|2077295557|0|0|14869634|168089|app-20190517105141-0288
STAGES|1451|map at MF.scala:112                  |1|4|2019-05-17T17:56:35.713GMT|2019-05-17T17:56:37.102GMT|  16|5144|4881875635|45667064|16|3038236|171100|app-20190517105141-0288
STAGES|1450|flatMapToPair at SpatialRDD.java:347 |1|4|2019-05-17T17:56:35.606GMT|2019-05-17T17:56:35.712GMT|  32|259|255507384|20370400|165052|0|0|app-20190517105141-0288
STAGES|1447|aggregate at SpatialRDD.java:515     |1|4|2019-05-17T17:56:35.530GMT|2019-05-17T17:56:35.581GMT|  32|62|55305280|20370400|165052|0|0|app-20190517105141-0288
STAGES|1444|aggregate at SpatialRDD.java:515     |1|4|2019-05-17T17:56:35.072GMT|2019-05-17T17:56:35.520GMT|  32|1559|1524544701|124386800|78760|0|0|app-20190517105141-0288
STAGES|1441|count at MF.scala:97                 |1|4|2019-05-17T17:56:34.846GMT|2019-05-17T17:56:35.060GMT|  32|612|603304878|124386800|78760|0|0|app-20190517105141-0288
STAGES|1438|count at MF.scala:83                 |1|4|2019-05-17T17:56:34.239GMT|2019-05-17T17:56:34.836GMT|  16|2115|1912469170|0|0|1435751|76472|app-20190517105141-0288
STAGES|1437|flatMapToPair at SpatialRDD.java:347 |1|4|2019-05-17T17:56:34.178GMT|2019-05-17T17:56:34.237GMT|   8|80|79439381|8391728|37108|0|0|app-20190517105141-0288
STAGES|1436|flatMapToPair at SpatialRDD.java:347 |1|4|2019-05-17T17:56:34.170GMT|2019-05-17T17:56:34.210GMT|   8|74|74658544|8391728|37108|0|0|app-20190517105141-0288
STAGES|1435|count at MF.scala:67                 |1|4|2019-05-17T17:56:34.140GMT|2019-05-17T17:56:34.159GMT|   8|1|2833993|8391728|37108|0|0|app-20190517105141-0288
STAGES|1434|collect at SpatialRDD.java:247       |1|4|2019-05-17T17:56:34.108GMT|2019-05-17T17:56:34.129GMT|   8|5|6388096|8391728|37108|0|0|app-20190517105141-0288
STAGES|1433|aggregate at SpatialRDD.java:515     |1|4|2019-05-17T17:56:34.079GMT|2019-05-17T17:56:34.100GMT|   8|9|8329045|8391728|37108|0|0|app-20190517105141-0288
STAGES|1432|aggregate at SpatialRDD.java:515     |1|4|2019-05-17T17:56:34.053GMT|2019-05-17T17:56:34.072GMT|   8|4|5258507|8391728|37108|0|0|app-20190517105141-0288
STAGES|1431|count at FF.scala:265                |1|4|2019-05-17T17:56:34.022GMT|2019-05-17T17:56:34.044GMT|  12|2|3298635|7048576|27016|0|0|app-20190517105141-0288
STAGES|1378|aggregate at SpatialRDD.java:515     |1|4|2019-05-17T17:56:33.336GMT|2019-05-17T17:56:34.015GMT|  12|2565|2520651513|0|0|1100414|27016|app-20190517105141-0288
STAGES|1377|distinct at FF.scala:258             |1|4|2019-05-17T17:56:32.851GMT|2019-05-17T17:56:33.334GMT|  12|1820|1792156041|0|0|2274889|39676|app-20190517105141-0288
STAGES|1376|map at FF.scala:255                  |1|4|2019-05-17T17:56:31.733GMT|2019-05-17T17:56:32.848GMT| 412|3287|3245504962|15728904|39676|0|0|app-20190517105141-0288
STAGES|1325|count at FF.scala:242                |1|4|2019-05-17T17:56:31.312GMT|2019-05-17T17:56:31.698GMT| 200|927|661762276|2165760|13206|0|0|app-20190517105141-0288
STAGES|1274|count at FF.scala:225                |1|4|2019-05-17T17:56:30.814GMT|2019-05-17T17:56:31.291GMT| 200|1394|1078762159|0|0|1276151|13206|app-20190517105141-0288
STAGES|1273|distinct at FF.scala:415             |1|4|2019-05-17T17:56:30.392GMT|2019-05-17T17:56:30.805GMT| 200|590|574139188|6963088|19228|0|0|app-20190517105141-0288
STAGES|1223|count at FF.scala:416                |1|4|2019-05-17T17:56:30.152GMT|2019-05-17T17:56:30.382GMT| 200|31|39071427|6963088|19228|0|0|app-20190517105141-0288
STAGES|1173|count at FF.scala:403                |1|4|2019-05-17T17:56:27.997GMT|2019-05-17T17:56:30.133GMT| 200|6327|2600920178|0|0|6263063|94668|app-20190517105141-0288
STAGES|1172|rdd at FF.scala:402                  |1|4|2019-05-17T17:56:25.747GMT|2019-05-17T17:56:27.991GMT|  12|796|720554347|21796416|75440|0|0|app-20190517105141-0288
STAGES|1171|rdd at FF.scala:402                  |1|4|2019-05-17T17:56:25.736GMT|2019-05-17T17:56:27.759GMT| 900|5678|4992918726|4776088|19228|0|0|app-20190517105141-0288
STAGES|1123|count at FF.scala:373                |1|4|2019-05-17T17:55:52.439GMT|2019-05-17T17:56:25.170GMT| 900|72662|71255603494|28771488|89557|0|0|app-20190517105141-0288
STAGES|1075|count at FF.scala:353                |1|4|2019-05-17T17:55:51.015GMT|2019-05-17T17:55:52.408GMT| 900|3621|2617793255|0|0|2745962|89557|app-20190517105141-0288
STAGES|1074|flatMap at FF.scala:348              |1|4|2019-05-17T17:55:48.929GMT|2019-05-17T17:55:50.985GMT| 901|4775|3577557778|0|0|2915173|75440|app-20190517105141-0288
STAGES|1073|flatMapToPair at SpatialRDD.java:347 |1|4|2019-05-17T17:55:48.667GMT|2019-05-17T17:55:48.916GMT|  12|791|789758179|21796416|75440|0|0|app-20190517105141-0288
STAGES|1027|aggregate at SpatialRDD.java:515     |1|4|2019-05-17T17:55:48.614GMT|2019-05-17T17:55:48.642GMT|  12|15|16286842|21796416|75440|0|0|app-20190517105141-0288
STAGES| 981|collect at SpatialRDD.java:247       |1|4|2019-05-17T17:55:48.570GMT|2019-05-17T17:55:48.594GMT|  12|7|8177979|21796416|75440|0|0|app-20190517105141-0288
STAGES| 935|aggregate at SpatialRDD.java:515     |1|4|2019-05-17T17:55:48.531GMT|2019-05-17T17:55:48.557GMT|  12|17|16356756|21796416|75440|0|0|app-20190517105141-0288
STAGES| 889|aggregate at SpatialRDD.java:515     |1|4|2019-05-17T17:55:48.493GMT|2019-05-17T17:55:48.519GMT|  12|12|14786126|21796416|75440|0|0|app-20190517105141-0288
STAGES| 843|aggregate at SpatialRDD.java:515     |1|4|2019-05-17T17:55:48.260GMT|2019-05-17T17:55:48.482GMT|  12|774|757101324|42400424|75440|0|0|app-20190517105141-0288
STAGES| 797|count at FF.scala:155                |1|4|2019-05-17T17:55:47.883GMT|2019-05-17T17:55:48.246GMT|  12|1359|1343306336|50468488|88166|0|0|app-20190517105141-0288
STAGES| 751|count at FF.scala:152                |1|4|2019-05-17T17:55:47.246GMT|2019-05-17T17:55:47.860GMT|  12|2351|2336500666|50468488|88166|0|0|app-20190517105141-0288
STAGES| 705|count at FF.scala:141                |1|4|2019-05-17T17:55:46.139GMT|2019-05-17T17:55:47.221GMT|  12|4226|4008704796|0|0|15641322|214858|app-20190517105141-0288
STAGES| 704|map at FF.scala:138                  |1|4|2019-05-17T17:55:28.661GMT|2019-05-17T17:55:46.138GMT|  12|58001|50332697361|0|0|62134649|127957|app-20190517105141-0288
STAGES| 703|mapToPair at JoinQuery.java:429      |1|4|2019-05-17T17:54:28.205GMT|2019-05-17T17:55:28.657GMT| 901|238995|236018495385|0|0|73999009|2341501|app-20190517105141-0288
STAGES| 702|distinct at JoinQuery.java:508       |1|4|2019-05-17T17:54:22.961GMT|2019-05-17T17:54:28.149GMT| 901|18041|17144116762|0|0|4122004|68174|app-20190517105141-0288
STAGES| 701|flatMapToPair at SpatialRDD.java:347 |1|4|2019-05-17T17:54:22.462GMT|2019-05-17T17:54:22.937GMT|  12|484|484310068|11896144|44120|0|0|app-20190517105141-0288
STAGES| 700|flatMapToPair at SpatialRDD.java:347 |1|4|2019-05-17T17:54:22.452GMT|2019-05-17T17:54:22.791GMT| 200|674|647101116|3252744|13744|0|0|app-20190517105141-0288
STAGES| 659|collect at SpatialRDD.java:247       |1|4|2019-05-17T17:54:22.362GMT|2019-05-17T17:54:22.385GMT|  12|3|5807127|11896144|44120|0|0|app-20190517105141-0288
STAGES| 629|aggregate at SpatialRDD.java:515     |1|4|2019-05-17T17:54:22.327GMT|2019-05-17T17:54:22.350GMT|  12|9|7041861|11896144|44120|0|0|app-20190517105141-0288
STAGES| 599|count at FF.scala:77                 |1|4|2019-05-17T17:54:22.185GMT|2019-05-17T17:54:22.317GMT| 200|35|36977066|3252744|13744|0|0|app-20190517105141-0288
STAGES| 587|aggregate at SpatialRDD.java:515     |1|4|2019-05-17T17:54:21.597GMT|2019-05-17T17:54:22.179GMT| 200|1715|1401104652|0|0|1277155|13744|app-20190517105141-0288
STAGES| 575|count at MF.scala:243                |1|4|2019-05-17T17:54:21.197GMT|2019-05-17T17:54:21.576GMT| 200|1015|958341290|0|0|1277155|13744|app-20190517105141-0288
STAGES| 574|distinct at MF.scala:242             |1|4|2019-05-17T17:54:19.898GMT|2019-05-17T17:54:21.189GMT| 200|3952|3715846516|0|0|7023764|101285|app-20190517105141-0288
STAGES| 573|rdd at MF.scala:242                  |1|4|2019-05-17T17:54:16.495GMT|2019-05-17T17:54:19.879GMT| 200|12495|7749982311|0|0|3764323|139747|app-20190517105141-0288
STAGES| 572|rdd at MF.scala:242                  |1|4|2019-05-17T17:54:14.137GMT|2019-05-17T17:54:16.489GMT| 900|6329|5977068404|5028880|20250|0|0|app-20190517105141-0288
STAGES| 571|rdd at MF.scala:242                  |1|4|2019-05-17T17:54:14.119GMT|2019-05-17T17:54:14.260GMT|  16|446|413341738|0|0|669232|36800|app-20190517105141-0288
STAGES| 563|count at MF.scala:211                |1|4|2019-05-17T17:53:49.595GMT|2019-05-17T17:54:13.651GMT| 900|69483|64094093799|27756800|102731|0|0|app-20190517105141-0288
STAGES| 555|count at MF.scala:175                |1|4|2019-05-17T17:53:47.512GMT|2019-05-17T17:53:49.573GMT| 900|6021|4538169224|0|0|2485063|102731|app-20190517105141-0288
STAGES| 554|flatMap at MF.scala:170              |1|4|2019-05-17T17:53:45.323GMT|2019-05-17T17:53:47.483GMT| 901|5300|4094309669|0|0|2297548|72710|app-20190517105141-0288
STAGES| 553|flatMapToPair at SpatialRDD.java:347 |1|4|2019-05-17T17:53:45.090GMT|2019-05-17T17:53:45.310GMT|  12|591|586325506|17352528|72710|0|0|app-20190517105141-0288
STAGES| 547|collect at SpatialRDD.java:247       |1|4|2019-05-17T17:53:45.009GMT|2019-05-17T17:53:45.061GMT|  12|18|16409625|17352528|72710|0|0|app-20190517105141-0288
STAGES| 541|count at MF.scala:141                |1|4|2019-05-17T17:53:44.977GMT|2019-05-17T17:53:45.000GMT|  12|6|4138053|17352528|72710|0|0|app-20190517105141-0288
STAGES| 535|count at MF.scala:135                |1|4|2019-05-17T17:53:44.948GMT|2019-05-17T17:53:44.971GMT|  12|3|4127884|17352528|72710|0|0|app-20190517105141-0288
STAGES| 529|aggregate at SpatialRDD.java:515     |1|4|2019-05-17T17:53:44.919GMT|2019-05-17T17:53:44.944GMT|  12|10|10633201|17352528|72710|0|0|app-20190517105141-0288
STAGES| 523|aggregate at SpatialRDD.java:515     |1|4|2019-05-17T17:53:44.678GMT|2019-05-17T17:53:44.910GMT|  12|644|628985888|0|0|4416673|111275|app-20190517105141-0288
STAGES| 517|count at MF.scala:126                |1|4|2019-05-17T17:53:44.555GMT|2019-05-17T17:53:44.667GMT|  12|291|281901687|0|0|4416673|111275|app-20190517105141-0288
STAGES| 516|distinct at MF.scala:125             |1|4|2019-05-17T17:53:43.683GMT|2019-05-17T17:53:44.554GMT|  12|2787|2050881727|0|0|14541677|165206|app-20190517105141-0288
STAGES| 515|map at MF.scala:112                  |1|4|2019-05-17T17:53:42.455GMT|2019-05-17T17:53:43.682GMT|  16|4530|4494099967|45244520|16|2986780|168187|app-20190517105141-0288
STAGES| 514|flatMapToPair at SpatialRDD.java:347 |1|4|2019-05-17T17:53:42.349GMT|2019-05-17T17:53:42.453GMT|  32|259|254406254|19927376|162288|0|0|app-20190517105141-0288
STAGES| 511|aggregate at SpatialRDD.java:515     |1|4|2019-05-17T17:53:42.270GMT|2019-05-17T17:53:42.321GMT|  32|48|53477287|19927376|162288|0|0|app-20190517105141-0288
STAGES| 508|aggregate at SpatialRDD.java:515     |1|4|2019-05-17T17:53:41.851GMT|2019-05-17T17:53:42.260GMT|  32|1411|1368356769|123368288|78086|0|0|app-20190517105141-0288
STAGES| 505|count at MF.scala:97                 |1|4|2019-05-17T17:53:41.568GMT|2019-05-17T17:53:41.838GMT|  32|816|570758378|123368288|78086|0|0|app-20190517105141-0288
STAGES| 502|count at MF.scala:83                 |1|4|2019-05-17T17:53:40.986GMT|2019-05-17T17:53:41.556GMT|  16|2016|1961673590|0|0|1421901|75827|app-20190517105141-0288
STAGES| 501|flatMapToPair at SpatialRDD.java:347 |1|4|2019-05-17T17:53:40.923GMT|2019-05-17T17:53:40.985GMT|   8|79|78394200|8300896|36800|0|0|app-20190517105141-0288
STAGES| 500|flatMapToPair at SpatialRDD.java:347 |1|4|2019-05-17T17:53:40.914GMT|2019-05-17T17:53:40.956GMT|   8|74|74514366|8300896|36800|0|0|app-20190517105141-0288
STAGES| 499|count at MF.scala:67                 |1|4|2019-05-17T17:53:40.880GMT|2019-05-17T17:53:40.901GMT|   8|1|3001342|8300896|36800|0|0|app-20190517105141-0288
STAGES| 498|collect at SpatialRDD.java:247       |1|4|2019-05-17T17:53:40.846GMT|2019-05-17T17:53:40.868GMT|   8|7|6583896|8300896|36800|0|0|app-20190517105141-0288
STAGES| 497|aggregate at SpatialRDD.java:515     |1|4|2019-05-17T17:53:40.814GMT|2019-05-17T17:53:40.836GMT|   8|9|8518808|8300896|36800|0|0|app-20190517105141-0288
STAGES| 496|aggregate at SpatialRDD.java:515     |1|4|2019-05-17T17:53:40.785GMT|2019-05-17T17:53:40.806GMT|   8|6|5422929|8300896|36800|0|0|app-20190517105141-0288
STAGES| 495|count at FF.scala:265                |1|4|2019-05-17T17:53:40.752GMT|2019-05-17T17:53:40.776GMT|  12|3|4180345|11896144|44120|0|0|app-20190517105141-0288
STAGES| 465|aggregate at SpatialRDD.java:515     |1|4|2019-05-17T17:53:39.919GMT|2019-05-17T17:53:40.745GMT|  12|3122|3082816474|0|0|1714160|44120|app-20190517105141-0288
STAGES| 464|distinct at FF.scala:258             |1|4|2019-05-17T17:53:39.259GMT|2019-05-17T17:53:39.917GMT|  12|2509|2488646175|0|0|2773146|56362|app-20190517105141-0288
STAGES| 463|map at FF.scala:255                  |1|4|2019-05-17T17:53:38.454GMT|2019-05-17T17:53:39.257GMT| 212|2534|2536281372|24560960|56362|0|0|app-20190517105141-0288
STAGES| 435|aggregate at SpatialRDD.java:515     |1|4|2019-05-17T17:53:38.380GMT|2019-05-17T17:53:38.404GMT|  12|2|2697888|192|0|0|0|app-20190517105141-0288
STAGES| 407|aggregate at SpatialRDD.java:515     |1|4|2019-05-17T17:53:38.339GMT|2019-05-17T17:53:38.368GMT|  12|1|2346736|192|0|0|0|app-20190517105141-0288
STAGES| 379|aggregate at SpatialRDD.java:515     |1|4|2019-05-17T17:53:38.305GMT|2019-05-17T17:53:38.328GMT|  12|3|2544548|192|0|0|0|app-20190517105141-0288
STAGES| 351|aggregate at SpatialRDD.java:515     |1|4|2019-05-17T17:53:38.239GMT|2019-05-17T17:53:38.293GMT|  12|19|5544828|192|0|0|0|app-20190517105141-0288
STAGES| 323|count at FF.scala:155                |1|4|2019-05-17T17:53:37.790GMT|2019-05-17T17:53:38.223GMT|  12|1628|1608888101|21383024|42916|0|0|app-20190517105141-0288
STAGES| 295|count at FF.scala:152                |1|4|2019-05-17T17:53:37.733GMT|2019-05-17T17:53:37.765GMT|  12|28|13363775|21383024|42916|0|0|app-20190517105141-0288
STAGES| 267|count at FF.scala:141                |1|4|2019-05-17T17:53:37.031GMT|2019-05-17T17:53:37.706GMT|  12|2569|2539333563|0|0|4588733|63787|app-20190517105141-0288
STAGES| 266|map at FF.scala:138                  |1|4|2019-05-17T17:53:35.575GMT|2019-05-17T17:53:37.029GMT|  12|4630|4586238449|0|0|15895299|124117|app-20190517105141-0288
STAGES| 265|mapToPair at JoinQuery.java:429      |1|4|2019-05-17T17:53:28.247GMT|2019-05-17T17:53:35.572GMT| 901|26844|26116112429|0|0|19717627|129620|app-20190517105141-0288
STAGES| 264|distinct at JoinQuery.java:508       |1|4|2019-05-17T17:53:25.490GMT|2019-05-17T17:53:28.190GMT| 901|7988|7598772455|0|0|3439463|36828|app-20190517105141-0288
STAGES| 263|flatMapToPair at SpatialRDD.java:347 |1|4|2019-05-17T17:53:24.745GMT|2019-05-17T17:53:25.460GMT| 200|585|586660401|3144264|13298|0|0|app-20190517105141-0288
STAGES| 262|flatMapToPair at SpatialRDD.java:347 |1|4|2019-05-17T17:53:24.732GMT|2019-05-17T17:53:25.170GMT| 200|1072|947246726|3177936|13446|0|0|app-20190517105141-0288
STAGES| 239|collect at SpatialRDD.java:247       |1|4|2019-05-17T17:53:24.467GMT|2019-05-17T17:53:24.619GMT| 200|50|47709703|3144264|13298|0|0|app-20190517105141-0288
STAGES| 227|aggregate at SpatialRDD.java:515     |1|4|2019-05-17T17:53:24.311GMT|2019-05-17T17:53:24.452GMT| 200|44|39376608|3144264|13298|0|0|app-20190517105141-0288
STAGES| 215|count at FF.scala:77                 |1|4|2019-05-17T17:53:24.159GMT|2019-05-17T17:53:24.299GMT| 200|41|39597916|3177936|13446|0|0|app-20190517105141-0288
STAGES| 203|aggregate at SpatialRDD.java:515     |1|4|2019-05-17T17:53:23.529GMT|2019-05-17T17:53:24.151GMT| 200|1853|1629416475|0|0|1248939|13446|app-20190517105141-0288
STAGES| 191|count at MF.scala:243                |1|4|2019-05-17T17:53:23.072GMT|2019-05-17T17:53:23.504GMT| 200|1177|1122548075|0|0|1248939|13446|app-20190517105141-0288
STAGES| 190|distinct at MF.scala:242             |1|4|2019-05-17T17:53:21.704GMT|2019-05-17T17:53:23.063GMT| 200|4283|3878716729|0|0|6900125|98648|app-20190517105141-0288
STAGES| 189|rdd at MF.scala:242                  |1|4|2019-05-17T17:53:19.301GMT|2019-05-17T17:53:21.683GMT| 200|8267|7686474386|0|0|3720711|136756|app-20190517105141-0288
STAGES| 188|rdd at MF.scala:242                  |1|4|2019-05-17T17:53:16.815GMT|2019-05-17T17:53:19.293GMT| 900|6736|6216046207|4902096|19819|0|0|app-20190517105141-0288
STAGES| 187|rdd at MF.scala:242                  |1|4|2019-05-17T17:53:16.793GMT|2019-05-17T17:53:16.957GMT|  16|468|445682415|0|0|664305|36502|app-20190517105141-0288
STAGES| 179|count at MF.scala:211                |1|4|2019-05-17T17:52:53.565GMT|2019-05-17T17:53:16.237GMT| 900|64075|63020054042|27314736|101191|0|0|app-20190517105141-0288
STAGES| 171|count at MF.scala:175                |1|4|2019-05-17T17:52:51.514GMT|2019-05-17T17:52:53.540GMT| 900|6050|4928060759|0|0|2454038|101191|app-20190517105141-0288
STAGES| 170|flatMap at MF.scala:170              |1|4|2019-05-17T17:52:48.964GMT|2019-05-17T17:52:51.479GMT| 901|6300|4914026164|0|0|2269723|71702|app-20190517105141-0288
STAGES| 169|flatMapToPair at SpatialRDD.java:347 |1|4|2019-05-17T17:52:48.719GMT|2019-05-17T17:52:48.942GMT|  12|585|581224826|17133472|71702|0|0|app-20190517105141-0288
STAGES| 163|collect at SpatialRDD.java:247       |1|4|2019-05-17T17:52:48.635GMT|2019-05-17T17:52:48.690GMT|  12|16|15973115|17133472|71702|0|0|app-20190517105141-0288
STAGES| 157|count at MF.scala:141                |1|4|2019-05-17T17:52:48.597GMT|2019-05-17T17:52:48.624GMT|  12|5|5784135|17133472|71702|0|0|app-20190517105141-0288
STAGES| 151|count at MF.scala:135                |1|4|2019-05-17T17:52:48.566GMT|2019-05-17T17:52:48.591GMT|  12|8|5166409|17133472|71702|0|0|app-20190517105141-0288
STAGES| 145|aggregate at SpatialRDD.java:515     |1|4|2019-05-17T17:52:48.533GMT|2019-05-17T17:52:48.560GMT|  12|11|10459948|17133472|71702|0|0|app-20190517105141-0288
STAGES| 139|aggregate at SpatialRDD.java:515     |1|4|2019-05-17T17:52:48.295GMT|2019-05-17T17:52:48.523GMT|  12|653|639695447|0|0|4359256|109654|app-20190517105141-0288
STAGES| 133|count at MF.scala:126                |1|4|2019-05-17T17:52:48.169GMT|2019-05-17T17:52:48.283GMT|  12|296|284318558|0|0|4359256|109654|app-20190517105141-0288
STAGES| 132|distinct at MF.scala:125             |1|4|2019-05-17T17:52:47.468GMT|2019-05-17T17:52:48.168GMT|  12|2135|2124791243|0|0|14298857|162900|app-20190517105141-0288
STAGES| 131|map at MF.scala:112                  |1|4|2019-05-17T17:52:45.997GMT|2019-05-17T17:52:47.466GMT|  16|5468|5265425862|44869408|16|2944078|165787|app-20190517105141-0288
STAGES| 130|flatMapToPair at SpatialRDD.java:347 |1|4|2019-05-17T17:52:45.884GMT|2019-05-17T17:52:45.995GMT|  32|258|254531881|19702288|160020|0|0|app-20190517105141-0288
STAGES| 127|aggregate at SpatialRDD.java:515     |1|4|2019-05-17T17:52:45.790GMT|2019-05-17T17:52:45.851GMT|  32|55|57122603|19702288|160020|0|0|app-20190517105141-0288
STAGES| 124|aggregate at SpatialRDD.java:515     |1|4|2019-05-17T17:52:45.331GMT|2019-05-17T17:52:45.777GMT|  32|1545|1490028619|122277312|77430|0|0|app-20190517105141-0288
STAGES| 121|count at MF.scala:97                 |1|4|2019-05-17T17:52:45.139GMT|2019-05-17T17:52:45.316GMT|  32|511|509092269|122277312|77430|0|0|app-20190517105141-0288
STAGES| 118|count at MF.scala:83                 |1|4|2019-05-17T17:52:44.502GMT|2019-05-17T17:52:45.121GMT|  16|2170|2003574075|0|0|1410525|75201|app-20190517105141-0288
STAGES| 117|flatMapToPair at SpatialRDD.java:347 |1|4|2019-05-17T17:52:44.431GMT|2019-05-17T17:52:44.500GMT|   8|83|80026635|8254904|36502|0|0|app-20190517105141-0288
STAGES| 116|flatMapToPair at SpatialRDD.java:347 |1|4|2019-05-17T17:52:44.422GMT|2019-05-17T17:52:44.472GMT|   8|94|90882236|8254904|36502|0|0|app-20190517105141-0288
STAGES| 115|count at MF.scala:67                 |1|4|2019-05-17T17:52:44.384GMT|2019-05-17T17:52:44.408GMT|   8|2|3723710|8254904|36502|0|0|app-20190517105141-0288
STAGES| 114|collect at SpatialRDD.java:247       |1|4|2019-05-17T17:52:44.345GMT|2019-05-17T17:52:44.370GMT|   8|7|8801481|8254904|36502|0|0|app-20190517105141-0288
STAGES| 113|aggregate at SpatialRDD.java:515     |1|4|2019-05-17T17:52:44.309GMT|2019-05-17T17:52:44.334GMT|   8|11|10199344|8254904|36502|0|0|app-20190517105141-0288
STAGES| 112|aggregate at SpatialRDD.java:515     |1|4|2019-05-17T17:52:44.276GMT|2019-05-17T17:52:44.300GMT|   8|6|6751530|8254904|36502|0|0|app-20190517105141-0288
STAGES| 111|count at FF.scala:77                 |1|4|2019-05-17T17:52:44.104GMT|2019-05-17T17:52:44.265GMT| 200|53|49096023|3144264|13298|0|0|app-20190517105141-0288
STAGES|  99|aggregate at SpatialRDD.java:515     |1|4|2019-05-17T17:52:43.505GMT|2019-05-17T17:52:44.096GMT| 200|1736|1506837833|0|0|1239889|13298|app-20190517105141-0288
STAGES|  87|count at MF.scala:243                |1|4|2019-05-17T17:52:43.017GMT|2019-05-17T17:52:43.475GMT| 200|1202|1088832338|0|0|1239889|13298|app-20190517105141-0288
STAGES|  86|distinct at MF.scala:242             |1|4|2019-05-17T17:52:40.313GMT|2019-05-17T17:52:43.006GMT| 200|8997|6114834147|0|0|6857010|97769|app-20190517105141-0288
STAGES|  85|rdd at MF.scala:242                  |1|4|2019-05-17T17:52:36.083GMT|2019-05-17T17:52:40.290GMT| 200|15259|11143659735|0|0|3681320|135571|app-20190517105141-0288
STAGES|  84|rdd at MF.scala:242                  |1|4|2019-05-17T17:52:32.283GMT|2019-05-17T17:52:36.072GMT| 900|8977|8184286351|4856888|19597|0|0|app-20190517105141-0288
STAGES|  83|rdd at MF.scala:242                  |1|4|2019-05-17T17:52:32.247GMT|2019-05-17T17:52:32.930GMT|  16|2346|1284804018|0|0|658898|36198|app-20190517105141-0288
STAGES|  75|count at MF.scala:211                |1|4|2019-05-17T17:52:04.196GMT|2019-05-17T17:52:26.873GMT| 900|62107|60798138861|26862552|99513|0|0|app-20190517105141-0288
STAGES|  67|count at MF.scala:175                |1|4|2019-05-17T17:52:01.605GMT|2019-05-17T17:52:04.147GMT| 900|7208|5669933975|0|0|2410631|99513|app-20190517105141-0288
STAGES|  66|flatMap at MF.scala:170              |1|4|2019-05-17T17:51:57.791GMT|2019-05-17T17:52:01.547GMT| 901|9389|6498030856|0|0|2231405|70462|app-20190517105141-0288
STAGES|  65|flatMapToPair at SpatialRDD.java:347 |1|4|2019-05-17T17:51:57.368GMT|2019-05-17T17:51:57.726GMT|  12|1090|1070871382|16638824|70462|0|0|app-20190517105141-0288
STAGES|  59|collect at SpatialRDD.java:247       |1|4|2019-05-17T17:51:57.140GMT|2019-05-17T17:51:57.295GMT|  12|35|33372222|16638824|70462|0|0|app-20190517105141-0288
STAGES|  53|count at MF.scala:141                |1|4|2019-05-17T17:51:57.086GMT|2019-05-17T17:51:57.125GMT|  12|6|7726049|16638824|70462|0|0|app-20190517105141-0288
STAGES|  47|count at MF.scala:135                |1|4|2019-05-17T17:51:57.039GMT|2019-05-17T17:51:57.077GMT|  12|8|7370996|16638824|70462|0|0|app-20190517105141-0288
STAGES|  41|aggregate at SpatialRDD.java:515     |1|4|2019-05-17T17:51:56.987GMT|2019-05-17T17:51:57.030GMT|  12|12|14132063|16638824|70462|0|0|app-20190517105141-0288
STAGES|  35|aggregate at SpatialRDD.java:515     |1|4|2019-05-17T17:51:56.568GMT|2019-05-17T17:51:56.973GMT|  12|1069|900886958|0|0|4280435|107790|app-20190517105141-0288
STAGES|  29|count at MF.scala:126                |1|4|2019-05-17T17:51:56.361GMT|2019-05-17T17:51:56.548GMT|  12|499|484498714|0|0|4280435|107790|app-20190517105141-0288
STAGES|  28|distinct at MF.scala:125             |1|4|2019-05-17T17:51:55.328GMT|2019-05-17T17:51:56.358GMT|  12|3212|3177427823|0|0|14049932|160469|app-20190517105141-0288
STAGES|  27|map at MF.scala:112                  |1|4|2019-05-17T17:51:53.707GMT|2019-05-17T17:51:55.324GMT|  16|5919|5636093431|44515184|16|2899988|163269|app-20190517105141-0288
STAGES|  26|flatMapToPair at SpatialRDD.java:347 |1|4|2019-05-17T17:51:53.426GMT|2019-05-17T17:51:53.700GMT|  32|757|753423772|19380800|157640|0|0|app-20190517105141-0288
STAGES|  23|aggregate at SpatialRDD.java:515     |1|4|2019-05-17T17:51:53.274GMT|2019-05-17T17:51:53.361GMT|  32|43|41602993|19380800|157640|0|0|app-20190517105141-0288
STAGES|  20|aggregate at SpatialRDD.java:515     |1|4|2019-05-17T17:51:52.452GMT|2019-05-17T17:51:53.251GMT|  32|2841|1563408630|121311840|76754|0|0|app-20190517105141-0288
STAGES|  17|count at MF.scala:97                 |1|4|2019-05-17T17:51:51.978GMT|2019-05-17T17:51:52.424GMT|  32|1335|1075129210|121311840|76754|0|0|app-20190517105141-0288
STAGES|  14|count at MF.scala:83                 |1|4|2019-05-17T17:51:50.914GMT|2019-05-17T17:51:51.936GMT|  16|3362|3207438761|0|0|1398791|74559|app-20190517105141-0288
STAGES|  13|flatMapToPair at SpatialRDD.java:347 |1|4|2019-05-17T17:51:50.616GMT|2019-05-17T17:51:50.905GMT|   8|304|297106001|8163720|36198|0|0|app-20190517105141-0288
STAGES|  12|flatMapToPair at SpatialRDD.java:347 |1|4|2019-05-17T17:51:50.597GMT|2019-05-17T17:51:50.813GMT|   8|606|582964908|8163720|36198|0|0|app-20190517105141-0288
STAGES|  11|count at MF.scala:67                 |1|4|2019-05-17T17:51:50.478GMT|2019-05-17T17:51:50.539GMT|   8|6|9463593|8163720|36198|0|0|app-20190517105141-0288
STAGES|  10|collect at SpatialRDD.java:247       |1|4|2019-05-17T17:51:50.352GMT|2019-05-17T17:51:50.423GMT|   8|41|37273627|8163720|36198|0|0|app-20190517105141-0288
STAGES|   9|aggregate at SpatialRDD.java:515     |1|4|2019-05-17T17:51:50.244GMT|2019-05-17T17:51:50.315GMT|   8|52|51921245|8163720|36198|0|0|app-20190517105141-0288
STAGES|   8|aggregate at SpatialRDD.java:515     |1|4|2019-05-17T17:51:50.166GMT|2019-05-17T17:51:50.227GMT|   8|27|23507292|8163720|36198|0|0|app-20190517105141-0288
STAGES|   7|aggregate at SpatialRDD.java:515     |1|4|2019-05-17T17:51:49.760GMT|2019-05-17T17:51:50.085GMT|   8|987|801738043|6722816|220824|0|0|app-20190517105141-0288
STAGES|   6|aggregate at SpatialRDD.java:515     |1|4|2019-05-17T17:51:49.357GMT|2019-05-17T17:51:49.734GMT|   8|1164|980940735|6722816|220824|0|0|app-20190517105141-0288
STAGES|   5|aggregate at SpatialRDD.java:515     |1|4|2019-05-17T17:51:48.950GMT|2019-05-17T17:51:49.327GMT|   8|1164|955325543|6722816|220824|0|0|app-20190517105141-0288
STAGES|   4|aggregate at SpatialRDD.java:515     |1|4|2019-05-17T17:51:48.528GMT|2019-05-17T17:51:48.921GMT|   8|1215|1047238115|6722816|220824|0|0|app-20190517105141-0288
STAGES|   3|aggregate at SpatialRDD.java:515     |1|4|2019-05-17T17:51:48.004GMT|2019-05-17T17:51:48.500GMT|   8|1677|1470137078|6722816|220824|0|0|app-20190517105141-0288
STAGES|   2|collect at FF.scala:485              |1|4|2019-05-17T17:51:47.789GMT|2019-05-17T17:51:47.951GMT|   8|310|150920674|0|0|2160|48|app-20190517105141-0288
STAGES|   1|distinct at FF.scala:485             |1|4|2019-05-17T17:51:47.357GMT|2019-05-17T17:51:47.772GMT|   8|1173|1060412773|6722816|220824|0|0|app-20190517105141-0288
STAGES|   0|count at FF.scala:484                |1|4|2019-05-17T17:51:45.803GMT|2019-05-17T17:51:47.260GMT|   8|2393|1232484234|6722816|220824|0|0|app-20190517105141-0288
