jobId	jobGroup	stageId	index	launchTime	finishTime	duration	schedulerDelay	executorId	host	taskLocality	speculative	gettingResultTime	successful	executorRunTime	executorCpuTime	executorDeserializeTime	executorDeserializeCpuTime	resultSerializationTime	jvmGCTime	resultSize	numUpdatedBlockStatuses	diskBytesSpilled	memoryBytesSpilled	peakExecutionMemory	recordsRead	bytesRead	recordsWritten	bytesWritten	shuffleFetchWaitTime	shuffleTotalBytesRead	shuffleTotalBlocksFetched	shuffleLocalBlocksFetched	shuffleRemoteBlocksFetched	shuffleWriteTime	shuffleBytesWritten	shuffleRecordsWritten	appId	phaseName
12		27	1611	1597259953735	1597259953742	7	5	5	mr-09	0	false	0	true	1	0	1	1	0	0	1443	0	0	0	0	470	75624	0	0	0	0	0	0	0	0	0	0	1284	Disks phase
12		27	1612	1597259953736	1597259953743	7	4	9	mr-12	0	false	0	true	2	1	1	2	0	0	1443	0	0	0	0	470	75632	0	0	0	0	0	0	0	0	0	0	1284	Disks phase
12		27	1613	1597259953737	1597259953748	11	7	10	mr-05	0	false	0	true	3	1	1	1	0	0	1443	0	0	0	0	460	75568	0	0	0	0	0	0	0	0	0	0	1284	Disks phase
12		27	1614	1597259953737	1597259953747	10	8	8	mr-01	0	false	0	true	0	0	2	1	0	0	1400	0	0	0	0	470	75632	0	0	0	0	0	0	0	0	0	0	1284	Disks phase
12		27	1619	1597259953739	1597259953748	9	6	1	mr-04	0	false	0	true	1	1	2	1	0	0	1443	0	0	0	0	470	75632	0	0	0	0	0	0	0	0	0	0	1284	Disks phase
12		27	1618	1597259953739	1597259953747	8	5	7	mr-10	0	false	0	true	1	0	2	1	0	0	1443	0	0	0	0	470	75608	0	0	0	0	0	0	0	0	0	0	1284	Disks phase
12		27	1620	1597259953740	1597259953748	8	5	2	mr-02	0	false	0	true	2	0	1	1	0	0	1443	0	0	0	0	470	75632	0	0	0	0	0	0	0	0	0	0	1284	Disks phase
12		27	1621	1597259953740	1597259953749	9	5	4	mr-06	0	false	0	true	2	1	2	1	0	0	1443	0	0	0	0	470	75632	0	0	0	0	0	0	0	0	0	0	1284	Disks phase
12		27	1649	1597259953758	1597259953766	8	5	9	mr-12	0	false	0	true	2	1	1	1	0	0	1443	0	0	0	0	460	75592	0	0	0	0	0	0	0	0	0	0	1284	Disks phase
12		27	1650	1597259953758	1597259953765	7	5	6	mr-03	0	false	0	true	1	0	1	1	0	0	1443	0	0	0	0	470	75632	0	0	0	0	0	0	0	0	0	0	1284	Disks phase
12		27	1651	1597259953759	1597259953766	7	4	7	mr-10	0	false	0	true	1	0	2	1	0	0	1443	0	0	0	0	470	75608	0	0	0	0	0	0	0	0	0	0	1284	Disks phase
12		27	1652	1597259953760	1597259953767	7	5	2	mr-02	0	false	0	true	0	0	2	2	0	0	1400	0	0	0	0	460	75592	0	0	0	0	0	0	0	0	0	0	1284	Disks phase
12		27	1653	1597259953760	1597259953768	8	6	1	mr-04	0	false	0	true	1	0	1	1	0	0	1443	0	0	0	0	460	75592	0	0	0	0	0	0	0	0	0	0	1284	Disks phase
13		28	1705	1597259954136	1597259954463	327	5	6	mr-03	0	false	0	true	320	235	2	2	0	80	1704	0	0	0	0	470	75632	0	0	0	0	0	0	0	15	23466	504	1284	Disks phase
13		28	1706	1597259954144	1597259954355	211	3	12	mr-08	0	false	0	true	203	176	4	2	1	24	1747	0	0	0	0	470	75632	0	0	0	0	0	0	0	40	23011	507	1284	Disks phase
13		28	1769	1597259955332	1597259955535	203	4	7	mr-10	0	false	0	true	196	191	3	2	0	0	1661	0	0	0	0	470	75608	0	0	0	0	0	0	0	14	22916	492	1284	Disks phase
13		28	1770	1597259955368	1597259955547	179	4	9	mr-12	0	false	0	true	172	170	3	2	0	0	1661	0	0	0	0	460	75592	0	0	0	0	0	0	0	13	22508	492	1284	Disks phase
13		28	1771	1597259955385	1597259955562	177	4	12	mr-08	0	false	0	true	170	169	3	2	0	0	1661	0	0	0	0	460	75592	0	0	0	0	0	0	0	14	22530	486	1284	Disks phase
13		28	1772	1597259955393	1597259955616	223	4	10	mr-05	0	false	0	true	217	215	2	3	0	0	1661	0	0	0	0	460	75592	0	0	0	0	0	0	0	14	22881	483	1284	Disks phase
13		28	1773	1597259955395	1597259955591	196	5	3	mr-11	0	false	0	true	189	186	2	2	0	0	1661	0	0	0	0	460	75592	0	0	0	0	0	0	0	14	22596	478	1284	Disks phase
13		29	1898	1597259957984	1597259958069	85	4	11	mr-07	0	false	0	true	77	64	4	2	0	10	1648	0	0	0	0	0	0	0	0	1	31260	202	14	188	0	0	0	1284	Disks phase
13		29	1899	1597259958019	1597259958097	78	6	3	mr-11	0	false	0	true	70	44	2	2	0	0	1605	0	0	0	0	0	0	0	0	26	29770	210	20	190	0	0	0	1284	Disks phase
13		29	1903	1597259958096	1597259958116	20	5	3	mr-11	0	false	0	true	12	11	3	2	0	0	1602	0	0	0	0	0	0	0	0	0	5410	56	6	50	0	0	0	1284	Disks phase
13		29	1904	1597259958115	1597259958168	53	4	3	mr-11	0	false	0	true	45	43	4	2	0	0	1604	0	0	0	0	0	0	0	0	0	21530	182	16	166	0	0	0	1284	Disks phase
13		29	1905	1597259958122	1597259958178	56	5	5	mr-09	0	false	0	true	49	46	2	2	0	0	1605	0	0	0	0	0	0	0	0	0	31036	202	14	188	0	0	0	1284	Disks phase
14		31	2003	1597259986887	1597259986894	7	4	7	mr-10	0	false	0	true	1	0	2	2	0	0	1353	0	0	0	0	1	29608	0	0	0	0	0	0	0	0	0	0	1284	Disks phase
14		31	2004	1597259986888	1597259986895	7	3	9	mr-12	0	false	0	true	0	0	4	3	0	0	1309	0	0	0	0	1	1520	0	0	0	0	0	0	0	0	0	0	1284	Disks phase
14		31	2005	1597259986888	1597259986896	8	4	3	mr-11	0	false	0	true	1	0	3	3	0	0	1352	0	0	0	0	1	1504	0	0	0	0	0	0	0	0	0	0	1284	Disks phase
14		31	2064	1597259986950	1597259986956	6	4	3	mr-11	0	false	0	true	0	0	2	2	0	0	1309	0	0	0	0	1	128	0	0	0	0	0	0	0	0	0	0	1284	Disks phase
14		31	2065	1597259986952	1597259986958	6	4	5	mr-09	0	false	0	true	0	0	2	2	0	0	1309	0	0	0	0	1	5312	0	0	0	0	0	0	0	0	0	0	1284	Disks phase
14		31	2066	1597259986953	1597259986960	7	4	11	mr-07	0	false	0	true	0	0	3	2	0	0	1309	0	0	0	0	1	2840	0	0	0	0	0	0	0	0	0	0	1284	Disks phase
12		27	1629	1597259953745	1597259953755	10	6	11	mr-07	0	false	0	true	2	2	2	2	0	0	1443	0	0	0	0	470	75632	0	0	0	0	0	0	0	0	0	0	1284	Disks phase
12		27	1627	1597259953745	1597259953752	7	4	6	mr-03	0	false	0	true	1	0	2	1	0	0	1443	0	0	0	0	470	75632	0	0	0	0	0	0	0	0	0	0	1284	Disks phase
12		27	1628	1597259953745	1597259953752	7	4	7	mr-10	0	false	0	true	1	0	2	1	0	0	1443	0	0	0	0	470	75632	0	0	0	0	0	0	0	0	0	0	1284	Disks phase
12		27	1632	1597259953746	1597259953754	8	6	2	mr-02	0	false	0	true	1	0	1	1	0	0	1443	0	0	0	0	468	75616	0	0	0	0	0	0	0	0	0	0	1284	Disks phase
12		27	1630	1597259953746	1597259953756	10	7	12	mr-08	0	false	0	true	1	1	2	1	0	0	1443	0	0	0	0	470	75624	0	0	0	0	0	0	0	0	0	0	1284	Disks phase
12		27	1631	1597259953746	1597259953753	7	3	1	mr-04	0	false	0	true	2	1	2	1	0	0	1443	0	0	0	0	470	75632	0	0	0	0	0	0	0	0	0	0	1284	Disks phase
12		27	1645	1597259953755	1597259953763	8	5	5	mr-09	0	false	0	true	1	0	2	1	0	0	1443	0	0	0	0	470	75632	0	0	0	0	0	0	0	0	0	0	1284	Disks phase
12		27	1644	1597259953755	1597259953762	7	4	4	mr-06	0	false	0	true	1	0	2	1	0	0	1443	0	0	0	0	470	75600	0	0	0	0	0	0	0	0	0	0	1284	Disks phase
12		27	1647	1597259953756	1597259953764	8	5	3	mr-11	0	false	0	true	1	0	2	1	0	0	1443	0	0	0	0	470	75624	0	0	0	0	0	0	0	0	0	0	1284	Disks phase
12		27	1646	1597259953756	1597259953764	8	4	12	mr-08	0	false	0	true	2	1	2	1	0	0	1443	0	0	0	0	470	75632	0	0	0	0	0	0	0	0	0	0	1284	Disks phase
12		27	1648	1597259953757	1597259953765	8	5	8	mr-01	0	false	0	true	1	0	2	1	0	0	1443	0	0	0	0	460	75592	0	0	0	0	0	0	0	0	0	0	1284	Disks phase
13		28	1701	1597259954111	1597259954330	219	5	1	mr-04	0	false	0	true	211	208	3	2	0	0	1661	0	0	0	0	470	75632	0	0	0	0	0	0	0	16	23320	502	1284	Disks phase
13		28	1702	1597259954120	1597259954317	197	5	5	mr-09	0	false	0	true	189	185	3	2	0	0	1661	0	0	0	0	470	75632	0	0	0	0	0	0	0	15	22771	490	1284	Disks phase
12		27	1615	1597259953738	1597259953750	12	8	11	mr-07	0	false	0	true	2	2	2	2	0	0	1443	0	0	0	0	470	75624	0	0	0	0	0	0	0	0	0	0	1284	Disks phase
12		27	1617	1597259953738	1597259953748	10	6	12	mr-08	0	false	0	true	3	1	1	1	0	0	1443	0	0	0	0	470	75632	0	0	0	0	0	0	0	0	0	0	1284	Disks phase
12		27	1616	1597259953738	1597259953748	10	8	6	mr-03	0	false	0	true	1	0	1	1	0	0	1443	0	0	0	0	470	75632	0	0	0	0	0	0	0	0	0	0	1284	Disks phase
12		27	1622	1597259953742	1597259953749	7	4	5	mr-09	0	false	0	true	1	0	2	1	0	0	1443	0	0	0	0	470	75632	0	0	0	0	0	0	0	0	0	0	1284	Disks phase
12		27	1623	1597259953742	1597259953750	8	4	3	mr-11	0	false	0	true	2	1	2	1	0	0	1443	0	0	0	0	470	75632	0	0	0	0	0	0	0	0	0	0	1284	Disks phase
12		27	1675	1597259953773	1597259953780	7	5	7	mr-10	0	false	0	true	1	0	1	1	0	0	1443	0	0	0	0	460	75592	0	0	0	0	0	0	0	0	0	0	1284	Disks phase
12		27	1674	1597259953773	1597259953779	6	3	9	mr-12	0	false	0	true	0	0	2	1	1	0	1443	0	0	0	0	460	75568	0	0	0	0	0	0	0	0	0	0	1284	Disks phase
12		27	1676	1597259953774	1597259953780	6	4	2	mr-02	0	false	0	true	1	1	1	1	0	0	1443	0	0	0	0	460	75568	0	0	0	0	0	0	0	0	0	0	1284	Disks phase
12		27	1677	1597259953775	1597259953780	5	3	10	mr-05	0	false	0	true	1	0	1	1	0	0	1443	0	0	0	0	460	75592	0	0	0	0	0	0	0	0	0	0	1284	Disks phase
12		27	1678	1597259953775	1597259953780	5	2	4	mr-06	0	false	0	true	1	0	2	1	0	0	1443	0	0	0	0	460	75592	0	0	0	0	0	0	0	0	0	0	1284	Disks phase
13		28	1733	1597259954674	1597259954898	224	5	4	mr-06	0	false	0	true	216	215	3	2	0	0	1661	0	0	0	0	470	75632	0	0	0	0	0	0	0	15	22793	498	1284	Disks phase
13		28	1788	1597259955702	1597259955909	207	3	2	mr-02	0	false	0	true	201	195	3	3	0	0	1661	0	0	0	0	460	75568	0	0	0	0	0	0	0	17	22957	493	1284	Disks phase
13		28	1789	1597259955735	1597259955915	180	4	12	mr-08	0	false	0	true	174	170	2	2	0	0	1661	0	0	0	0	460	75592	0	0	0	0	0	0	0	14	22326	484	1284	Disks phase
13		28	1790	1597259955739	1597259955934	195	4	9	mr-12	0	false	0	true	188	186	3	2	0	0	1661	0	0	0	0	460	75592	0	0	0	0	0	0	0	15	23096	481	1284	Disks phase
13		28	1791	1597259955758	1597259956014	256	4	7	mr-10	0	false	0	true	249	248	3	2	0	0	1661	0	0	0	0	460	75592	0	0	0	0	0	0	0	15	22894	490	1284	Disks phase
13		28	1792	1597259955767	1597259955967	200	6	3	mr-11	0	false	0	true	192	189	2	2	0	0	1661	0	0	0	0	460	75592	0	0	0	0	0	0	0	16	22506	484	1284	Disks phase
13		29	1850	1597259957083	1597259957157	74	4	10	mr-05	0	false	0	true	67	64	3	2	0	0	1603	0	0	0	0	0	0	0	0	0	44486	216	16	200	0	0	0	1284	Disks phase
13		29	1851	1597259957085	1597259957144	59	5	4	mr-06	0	false	0	true	51	49	3	3	0	0	1604	0	0	0	0	0	0	0	0	0	23106	184	16	168	0	0	0	1284	Disks phase
13		29	1908	1597259958172	1597259958216	44	4	11	mr-07	0	false	0	true	38	35	2	2	0	0	1604	0	0	0	0	0	0	0	0	0	19652	154	8	146	0	0	0	1284	Disks phase
13		29	1909	1597259958177	1597259958287	110	4	5	mr-09	0	false	0	true	103	100	3	2	0	0	1606	0	0	0	0	0	0	0	0	0	59844	216	16	200	0	0	0	1284	Disks phase
13		29	1910	1597259958179	1597259958255	76	4	4	mr-06	0	false	0	true	69	66	2	2	1	0	1648	0	0	0	0	0	0	0	0	0	31820	210	16	194	0	0	0	1284	Disks phase
13		29	1911	1597259958213	1597259958264	51	4	3	mr-11	0	false	0	true	45	41	2	2	0	0	1605	0	0	0	0	0	0	0	0	1	29364	202	20	182	0	0	0	1284	Disks phase
13		29	1912	1597259958216	1597259958270	54	4	11	mr-07	0	false	0	true	47	45	3	2	0	0	1606	0	0	0	0	0	0	0	0	0	35800	210	18	192	0	0	0	1284	Disks phase
13		29	1913	1597259958255	1597259958339	84	4	4	mr-06	0	false	0	true	77	66	3	2	0	7	1648	0	0	0	0	0	0	0	0	0	36436	212	18	194	0	0	0	1284	Disks phase
14		31	1957	1597259986841	1597259986878	37	9	11	mr-07	0	false	0	true	2	1	26	22	0	0	1352	0	0	0	0	1	11368	0	0	0	0	0	0	0	0	0	0	1284	Disks phase
14		31	1959	1597259986842	1597259986871	29	8	7	mr-10	0	false	0	true	1	1	20	15	0	0	1352	0	0	0	0	1	10928	0	0	0	0	0	0	0	0	0	0	1284	Disks phase
14		31	1961	1597259986842	1597259986871	29	9	6	mr-03	0	false	0	true	1	0	19	14	0	0	1352	0	0	0	0	1	16960	0	0	0	0	0	0	0	0	0	0	1284	Disks phase
14		31	1960	1597259986842	1597259986868	26	7	2	mr-02	0	false	0	true	0	1	19	14	0	0	1309	0	0	0	0	1	1240	0	0	0	0	0	0	0	0	0	0	1284	Disks phase
14		31	1958	1597259986842	1597259986864	22	7	8	mr-01	0	false	0	true	0	0	15	10	0	0	1309	0	0	0	0	1	2048	0	0	0	0	0	0	0	0	0	0	1284	Disks phase
14		31	1962	1597259986842	1597259986872	30	7	12	mr-08	0	false	0	true	2	1	20	16	1	0	1395	0	0	0	0	1	11352	0	0	0	0	0	0	0	0	0	0	1284	Disks phase
13		28	1704	1597259954132	1597259954338	206	4	3	mr-11	0	false	0	true	199	195	3	2	0	0	1661	0	0	0	0	470	75632	0	0	0	0	0	0	0	16	23490	500	1284	Disks phase
13		28	1758	1597259955158	1597259955368	210	5	9	mr-12	0	false	0	true	203	202	2	2	0	0	1661	0	0	0	0	460	75592	0	0	0	0	0	0	0	14	22630	488	1284	Disks phase
13		28	1759	1597259955159	1597259955394	235	4	10	mr-05	0	false	0	true	228	224	3	2	0	0	1661	0	0	0	0	460	75584	0	0	0	0	0	0	0	15	22946	480	1284	Disks phase
13		28	1760	1597259955188	1597259955418	230	4	11	mr-07	0	false	0	true	224	222	2	3	0	0	1661	0	0	0	0	470	75632	0	0	0	0	0	0	0	14	22447	494	1284	Disks phase
13		28	1761	1597259955200	1597259955385	185	4	12	mr-08	0	false	0	true	179	175	2	2	0	0	1661	0	0	0	0	470	75632	0	0	0	0	0	0	0	14	22719	494	1284	Disks phase
13		28	1762	1597259955205	1597259955396	191	5	3	mr-11	0	false	0	true	184	183	2	2	0	0	1661	0	0	0	0	470	75632	0	0	0	0	0	0	0	15	22745	493	1284	Disks phase
13		28	1763	1597259955219	1597259955401	182	5	1	mr-04	0	false	0	true	174	173	3	2	0	0	1661	0	0	0	0	460	75592	0	0	0	0	0	0	0	14	22117	474	1284	Disks phase
13		29	1820	1597259956660	1597259956772	112	5	12	mr-08	0	false	0	true	104	102	3	3	0	0	1603	0	0	0	0	0	0	0	0	0	25026	190	16	174	0	0	0	1284	Disks phase
13		29	1821	1597259956714	1597259956761	47	4	6	mr-03	0	false	0	true	41	37	2	2	0	0	1602	0	0	0	0	0	0	0	0	1	15846	146	16	130	0	0	0	1284	Disks phase
13		29	1822	1597259956725	1597259956822	97	5	7	mr-10	0	false	0	true	89	86	3	3	0	0	1603	0	0	0	0	0	0	0	0	1	40512	216	18	198	0	0	0	1284	Disks phase
13		29	1826	1597259956754	1597259956793	39	5	4	mr-06	0	false	0	true	32	29	2	2	0	0	1601	0	0	0	0	0	0	0	0	1	10694	106	8	98	0	0	0	1284	Disks phase
13		29	1827	1597259956760	1597259956845	85	5	6	mr-03	0	false	0	true	77	75	3	2	0	0	1603	0	0	0	0	0	0	0	0	1	48320	216	18	198	0	0	0	1284	Disks phase
13		29	1882	1597259957460	1597259957512	52	4	5	mr-09	0	false	0	true	44	42	3	2	1	0	1646	0	0	0	0	0	0	0	0	0	23004	184	12	172	0	0	0	1284	Disks phase
13		29	1883	1597259957478	1597259957583	105	4	11	mr-07	0	false	0	true	97	94	4	3	0	0	1604	0	0	0	0	0	0	0	0	0	40320	212	18	194	0	0	0	1284	Disks phase
13		29	1884	1597259957487	1597259957727	240	6	3	mr-11	0	false	0	true	231	47	3	2	0	182	1646	0	0	0	0	0	0	0	0	0	23024	188	16	172	0	0	0	1284	Disks phase
13		29	1885	1597259957511	1597259957794	283	4	5	mr-09	0	false	0	true	276	104	3	2	0	0	1604	0	0	0	0	0	0	0	0	169	57790	216	16	200	0	0	0	1284	Disks phase
13		29	1886	1597259957583	1597259957755	172	4	11	mr-07	0	false	0	true	164	56	4	2	0	0	1603	0	0	0	0	0	0	0	0	107	24248	188	16	172	0	0	0	1284	Disks phase
13		29	1887	1597259957726	1597259957793	67	6	3	mr-11	0	false	0	true	58	55	3	3	0	0	1604	0	0	0	0	0	0	0	0	0	23832	180	18	162	0	0	0	1284	Disks phase
13		29	1888	1597259957755	1597259957856	101	5	11	mr-07	0	false	0	true	93	91	3	3	0	0	1606	0	0	0	0	0	0	0	0	0	42648	214	18	196	0	0	0	1284	Disks phase
13		29	1889	1597259957792	1597259957848	56	5	3	mr-11	0	false	0	true	48	46	3	2	0	0	1605	0	0	0	0	0	0	0	0	0	31776	208	20	188	0	0	0	1284	Disks phase
13		29	1943	1597259958839	1597259958885	46	4	11	mr-07	0	false	0	true	39	37	3	2	0	0	1605	0	0	0	0	0	0	0	0	0	25866	192	16	176	0	0	0	1284	Disks phase
13		29	1944	1597259958849	1597259958893	44	4	3	mr-11	0	false	0	true	37	36	3	2	0	0	1605	0	0	0	0	0	0	0	0	0	26758	190	16	174	0	0	0	1284	Disks phase
13		29	1945	1597259958849	1597259958900	51	4	4	mr-06	0	false	0	true	43	41	4	3	0	0	1604	0	0	0	0	0	0	0	0	0	22260	168	16	152	0	0	0	1284	Disks phase
14		31	1995	1597259986881	1597259986889	8	4	4	mr-06	0	false	0	true	1	0	3	2	0	0	1352	0	0	0	0	1	3112	0	0	0	0	0	0	0	0	0	0	1284	Disks phase
14		31	1997	1597259986882	1597259986891	9	5	10	mr-05	0	false	0	true	1	0	3	3	0	0	1352	0	0	0	0	1	11640	0	0	0	0	0	0	0	0	0	0	1284	Disks phase
14		31	1996	1597259986882	1597259986890	8	5	2	mr-02	0	false	0	true	1	0	2	2	0	0	1352	0	0	0	0	1	9768	0	0	0	0	0	0	0	0	0	0	1284	Disks phase
14		31	1998	1597259986883	1597259986892	9	6	5	mr-09	0	false	0	true	0	0	3	2	0	0	1309	0	0	0	0	1	4152	0	0	0	0	0	0	0	0	0	0	1284	Disks phase
14		31	1999	1597259986884	1597259986892	8	5	8	mr-01	0	false	0	true	0	0	3	2	0	0	1309	0	0	0	0	1	7680	0	0	0	0	0	0	0	0	0	0	1284	Disks phase
14		31	2000	1597259986885	1597259986894	9	5	11	mr-07	0	false	0	true	0	0	4	3	0	0	1309	0	0	0	0	1	6040	0	0	0	0	0	0	0	0	0	0	1284	Disks phase
14		31	2001	1597259986886	1597259986893	7	3	6	mr-03	0	false	0	true	0	0	4	2	0	0	1309	0	0	0	0	1	5784	0	0	0	0	0	0	0	0	0	0	1284	Disks phase
14		31	2002	1597259986886	1597259986894	8	5	1	mr-04	0	false	0	true	0	0	3	2	0	0	1309	0	0	0	0	1	10848	0	0	0	0	0	0	0	0	0	0	1284	Disks phase
14		31	2056	1597259986938	1597259986944	6	3	3	mr-11	0	false	0	true	1	0	2	2	0	0	1352	0	0	0	0	1	8576	0	0	0	0	0	0	0	0	0	0	1284	Disks phase
14		31	2057	1597259986940	1597259986947	7	4	5	mr-09	0	false	0	true	0	0	3	2	0	0	1309	0	0	0	0	1	9520	0	0	0	0	0	0	0	0	0	0	1284	Disks phase
14		31	2058	1597259986941	1597259986947	6	3	11	mr-07	0	false	0	true	0	0	3	2	0	0	1309	0	0	0	0	1	7384	0	0	0	0	0	0	0	0	0	0	1284	Disks phase
14		31	2059	1597259986942	1597259986950	8	4	4	mr-06	0	false	0	true	2	0	2	3	0	0	1352	0	0	0	0	1	15120	0	0	0	0	0	0	0	0	0	0	1284	Disks phase
14		31	2060	1597259986944	1597259986950	6	3	3	mr-11	0	false	0	true	0	0	3	2	0	0	1309	0	0	0	0	1	12040	0	0	0	0	0	0	0	0	0	0	1284	Disks phase
14		31	1969	1597259986863	1597259986871	8	4	8	mr-01	0	false	0	true	1	0	3	2	0	0	1353	0	0	0	0	1	43176	0	0	0	0	0	0	0	0	0	0	1284	Disks phase
14		31	2027	1597259986903	1597259986909	6	3	4	mr-06	0	false	0	true	0	0	3	2	0	0	1309	0	0	0	0	1	8448	0	0	0	0	0	0	0	0	0	0	1284	Disks phase
14		31	2028	1597259986903	1597259986910	7	4	3	mr-11	0	false	0	true	0	0	3	3	0	0	1309	0	0	0	0	1	6816	0	0	0	0	0	0	0	0	0	0	1284	Disks phase
14		31	2029	1597259986904	1597259986911	7	4	5	mr-09	0	false	0	true	0	0	3	2	0	0	1309	0	0	0	0	1	14040	0	0	0	0	0	0	0	0	0	0	1284	Disks phase
14		31	2030	1597259986905	1597259986913	8	4	12	mr-08	0	false	0	true	0	0	4	3	0	0	1310	0	0	0	0	1	59584	0	0	0	0	0	0	0	0	0	0	1284	Disks phase
14		31	2031	1597259986906	1597259986912	6	3	6	mr-03	0	false	0	true	1	0	2	2	0	0	1352	0	0	0	0	1	15440	0	0	0	0	0	0	0	0	0	0	1284	Disks phase
14		31	2032	1597259986906	1597259986912	6	3	7	mr-10	0	false	0	true	1	0	2	2	0	0	1353	0	0	0	0	1	86568	0	0	0	0	0	0	0	0	0	0	1284	Disks phase
14		31	2085	1597259986982	1597259986988	6	4	5	mr-09	0	false	0	true	0	0	2	2	0	0	1309	0	0	0	0	1	12560	0	0	0	0	0	0	0	0	0	0	1284	Disks phase
14		31	2086	1597259986985	1597259986992	7	3	11	mr-07	0	false	0	true	1	0	3	3	0	0	1352	0	0	0	0	1	13576	0	0	0	0	0	0	0	0	0	0	1284	Disks phase
14		31	2087	1597259986985	1597259986991	6	3	3	mr-11	0	false	0	true	0	0	3	2	0	0	1309	0	0	0	0	1	15800	0	0	0	0	0	0	0	0	0	0	1284	Disks phase
14		31	2088	1597259986987	1597259986992	5	2	4	mr-06	0	false	0	true	0	0	3	2	0	0	1309	0	0	0	0	1	7264	0	0	0	0	0	0	0	0	0	0	1284	Disks phase
14		31	2089	1597259986987	1597259986993	6	4	5	mr-09	0	false	0	true	0	0	2	2	0	0	1310	0	0	0	0	1	27584	0	0	0	0	0	0	0	0	0	0	1284	Disks phase
14		31	2090	1597259986991	1597259986997	6	4	3	mr-11	0	false	0	true	0	0	2	2	0	0	1309	0	0	0	0	1	13456	0	0	0	0	0	0	0	0	0	0	1284	Disks phase
14		31	2092	1597259986992	1597259986998	6	3	4	mr-06	0	false	0	true	2	0	1	2	0	0	1352	0	0	0	0	1	13656	0	0	0	0	0	0	0	0	0	0	1284	Disks phase
14		31	2091	1597259986992	1597259987001	9	5	11	mr-07	0	false	0	true	1	0	3	3	0	0	1352	0	0	0	0	1	2320	0	0	0	0	0	0	0	0	0	0	1284	Disks phase
12		27	1624	1597259953743	1597259953751	8	4	9	mr-12	0	false	0	true	1	1	3	1	0	0	1443	0	0	0	0	470	75632	0	0	0	0	0	0	0	0	0	0	1284	Disks phase
12		27	1626	1597259953744	1597259953753	9	5	10	mr-05	0	false	0	true	2	1	2	1	0	0	1443	0	0	0	0	460	75592	0	0	0	0	0	0	0	0	0	0	1284	Disks phase
12		27	1625	1597259953744	1597259953751	7	5	8	mr-01	0	false	0	true	1	0	1	1	0	0	1443	0	0	0	0	470	75632	0	0	0	0	0	0	0	0	0	0	1284	Disks phase
12		27	1683	1597259953779	1597259953785	6	4	9	mr-12	0	false	0	true	1	0	1	1	0	0	1443	0	0	0	0	460	75592	0	0	0	0	0	0	0	0	0	0	1284	Disks phase
12		27	1684	1597259953781	1597259953787	6	3	3	mr-11	0	false	0	true	1	0	2	1	0	0	1443	0	0	0	0	460	75592	0	0	0	0	0	0	0	0	0	0	1284	Disks phase
12		27	1685	1597259953782	1597259953788	6	4	12	mr-08	0	false	0	true	1	0	1	1	0	0	1443	0	0	0	0	460	75592	0	0	0	0	0	0	0	0	0	0	1284	Disks phase
12		27	1686	1597259953783	1597259953790	7	4	11	mr-07	0	false	0	true	0	0	3	2	0	0	1400	0	0	0	0	460	75592	0	0	0	0	0	0	0	0	0	0	1284	Disks phase
12		27	1687	1597259953784	1597259953790	6	3	9	mr-12	0	false	0	true	1	0	2	1	0	0	1443	0	0	0	0	460	75584	0	0	0	0	0	0	0	0	0	0	1284	Disks phase
12		27	1688	1597259953787	1597259953793	6	4	12	mr-08	0	false	0	true	1	0	1	1	0	0	1443	0	0	0	0	460	75592	0	0	0	0	0	0	0	0	0	0	1284	Disks phase
13		28	1737	1597259954776	1597259954962	186	5	10	mr-05	0	false	0	true	177	174	4	3	0	0	1661	0	0	0	0	460	75592	0	0	0	0	0	0	0	14	22605	488	1284	Disks phase
13		28	1738	1597259954810	1597259955016	206	5	3	mr-11	0	false	0	true	199	196	2	3	0	0	1661	0	0	0	0	470	75632	0	0	0	0	0	0	0	16	22993	500	1284	Disks phase
13		28	1739	1597259954814	1597259955077	263	5	2	mr-02	0	false	0	true	256	195	2	3	0	55	1704	0	0	0	0	468	75616	0	0	0	0	0	0	0	15	22795	492	1284	Disks phase
13		28	1740	1597259954844	1597259955038	194	5	1	mr-04	0	false	0	true	186	183	3	3	0	0	1661	0	0	0	0	470	75632	0	0	0	0	0	0	0	14	23391	508	1284	Disks phase
13		28	1741	1597259954860	1597259955055	195	4	6	mr-03	0	false	0	true	188	186	3	2	0	0	1661	0	0	0	0	470	75632	0	0	0	0	0	0	0	15	23146	501	1284	Disks phase
13		29	1808	1597259956305	1597259956559	254	5	4	mr-06	0	false	0	true	184	170	65	61	0	0	1603	0	0	0	0	0	0	0	0	0	27556	196	16	180	0	0	0	1284	Disks phase
13		29	1809	1597259956468	1597259956521	53	4	5	mr-09	1	false	0	true	45	43	3	2	1	0	1645	0	0	0	0	0	0	0	0	0	4352	46	10	36	0	0	0	1284	Disks phase
13		29	1832	1597259956802	1597259957211	409	4	3	mr-11	0	false	0	true	401	398	4	3	0	0	1605	0	0	0	0	0	0	0	0	0	53058	216	20	196	0	0	0	1284	Disks phase
13		29	1858	1597259957136	1597259957195	59	4	8	mr-01	0	false	0	true	51	47	4	2	0	0	1603	0	0	0	0	0	0	0	0	3	23360	192	14	178	0	0	0	1284	Disks phase
13		29	1860	1597259957143	1597259957207	64	5	4	mr-06	0	false	0	true	57	54	2	2	0	0	1604	0	0	0	0	0	0	0	0	1	40472	214	18	196	0	0	0	1284	Disks phase
13		29	1859	1597259957143	1597259957208	65	4	5	mr-09	0	false	0	true	58	49	3	2	0	0	1603	0	0	0	0	0	0	0	0	6	33882	206	16	190	0	0	0	1284	Disks phase
13		29	1868	1597259957194	1597259960312	3118	5	8	mr-01	0	false	0	true	3110	3107	3	2	0	0	1610	0	0	0	0	0	0	0	0	0	35564	210	18	192	0	0	0	1284	Disks phase
13		29	1869	1597259957201	1597259972021	14820	4	12	mr-08	0	false	0	true	14812	14804	4	2	0	0	1610	0	0	0	0	0	0	0	0	0	36804	212	20	192	0	0	0	1284	Disks phase
13		29	1871	1597259957207	1597259957245	38	4	5	mr-09	0	false	0	true	32	29	2	2	0	0	1602	0	0	0	0	0	0	0	0	0	9186	92	8	84	0	0	0	1284	Disks phase
13		29	1870	1597259957207	1597259958047	840	4	4	mr-06	0	false	0	true	832	829	4	3	0	0	1607	0	0	0	0	0	0	0	0	0	17958	156	12	144	0	0	0	1284	Disks phase
13		29	1925	1597259958603	1597259958688	85	5	4	mr-06	0	false	0	true	77	74	3	4	0	0	1605	0	0	0	0	0	0	0	0	0	57200	216	18	198	0	0	0	1284	Disks phase
13		29	1926	1597259958604	1597259958689	85	4	5	mr-09	0	false	0	true	77	76	4	2	0	0	1606	0	0	0	0	0	0	0	0	0	61158	216	16	200	0	0	0	1284	Disks phase
13		29	1927	1597259958615	1597259958669	54	5	3	mr-11	0	false	0	true	45	44	4	2	0	0	1607	0	0	0	0	0	0	0	0	0	32132	206	18	188	0	0	0	1284	Disks phase
13		29	1928	1597259958648	1597259958694	46	5	11	mr-07	0	false	0	true	38	37	3	2	0	0	1606	0	0	0	0	0	0	0	0	1	25788	194	18	176	0	0	0	1284	Disks phase
13		29	1929	1597259958668	1597259958726	58	5	3	mr-11	0	false	0	true	50	49	3	2	0	0	1607	0	0	0	0	0	0	0	0	0	33108	210	20	190	0	0	0	1284	Disks phase
14		31	2033	1597259986907	1597259986914	7	3	11	mr-07	0	false	0	true	0	0	4	3	0	0	1309	0	0	0	0	1	128	0	0	0	0	0	0	0	0	0	0	1284	Disks phase
14		31	2034	1597259986908	1597259986915	7	4	4	mr-06	0	false	0	true	0	0	3	2	0	0	1309	0	0	0	0	1	6288	0	0	0	0	0	0	0	0	0	0	1284	Disks phase
14		31	2035	1597259986909	1597259986916	7	5	3	mr-11	0	false	0	true	0	0	2	2	0	0	1309	0	0	0	0	1	3104	0	0	0	0	0	0	0	0	0	0	1284	Disks phase
14		31	2036	1597259986911	1597259986917	6	3	5	mr-09	0	false	0	true	1	0	2	2	0	0	1352	0	0	0	0	1	13424	0	0	0	0	0	0	0	0	0	0	1284	Disks phase
12		27	1633	1597259953747	1597259953755	8	5	4	mr-06	0	false	0	true	1	1	2	1	0	0	1443	0	0	0	0	470	75632	0	0	0	0	0	0	0	0	0	0	1284	Disks phase
12		27	1635	1597259953749	1597259953757	8	4	3	mr-11	0	false	0	true	2	1	2	1	0	0	1443	0	0	0	0	470	75632	0	0	0	0	0	0	0	0	0	0	1284	Disks phase
12		27	1634	1597259953749	1597259953756	7	5	5	mr-09	0	false	0	true	0	0	2	1	0	0	1400	0	0	0	0	470	75632	0	0	0	0	0	0	0	0	0	0	1284	Disks phase
12		27	1636	1597259953750	1597259953757	7	5	8	mr-01	0	false	0	true	1	0	1	1	0	0	1443	0	0	0	0	470	75632	0	0	0	0	0	0	0	0	0	0	1284	Disks phase
12		27	1637	1597259953751	1597259953758	7	4	9	mr-12	0	false	0	true	1	0	2	1	0	0	1443	0	0	0	0	470	75608	0	0	0	0	0	0	0	0	0	0	1284	Disks phase
12		27	1638	1597259953751	1597259953759	8	5	6	mr-03	0	false	0	true	0	0	2	1	1	0	1443	0	0	0	0	470	75632	0	0	0	0	0	0	0	0	0	0	1284	Disks phase
12		27	1639	1597259953752	1597259953759	7	5	7	mr-10	0	false	0	true	0	0	2	1	0	0	1400	0	0	0	0	470	75632	0	0	0	0	0	0	0	0	0	0	1284	Disks phase
13		28	1698	1597259953908	1597259954136	228	5	6	mr-03	0	false	0	true	212	211	11	7	0	0	1661	0	0	0	0	470	75632	0	0	0	0	0	0	0	15	22698	497	1284	Disks phase
13		28	1696	1597259953908	1597259954149	241	6	7	mr-10	0	false	0	true	223	222	12	8	0	0	1661	0	0	0	0	470	75632	0	0	0	0	0	0	0	15	23077	498	1284	Disks phase
13		28	1695	1597259953908	1597259954149	241	5	4	mr-06	0	false	0	true	224	220	12	7	0	0	1661	0	0	0	0	470	75632	0	0	0	0	0	0	0	17	23679	506	1284	Disks phase
13		28	1697	1597259953908	1597259954167	259	6	8	mr-01	0	false	0	true	240	237	13	9	0	0	1661	0	0	0	0	470	75632	0	0	0	0	0	0	0	16	23480	513	1284	Disks phase
13		28	1699	1597259953908	1597259954173	265	5	2	mr-02	0	false	0	true	249	245	11	7	0	0	1661	0	0	0	0	470	75632	0	0	0	0	0	0	0	15	23206	491	1284	Disks phase
13		28	1700	1597259953908	1597259954112	204	5	1	mr-04	0	false	0	true	188	186	11	7	0	0	1661	0	0	0	0	470	75632	0	0	0	0	0	0	0	15	22861	494	1284	Disks phase
13		28	1753	1597259955072	1597259955275	203	5	8	mr-01	0	false	0	true	191	189	7	6	0	0	1661	0	0	0	0	460	75592	0	0	0	0	0	0	0	16	23110	493	1284	Disks phase
13		28	1754	1597259955077	1597259955288	211	4	2	mr-02	0	false	0	true	205	201	2	2	0	0	1661	0	0	0	0	460	75592	0	0	0	0	0	0	0	16	22934	491	1284	Disks phase
13		28	1755	1597259955084	1597259955275	191	4	5	mr-09	0	false	0	true	185	180	2	2	0	0	1661	0	0	0	0	470	75632	0	0	0	0	0	0	0	14	22852	491	1284	Disks phase
13		28	1756	1597259955085	1597259955269	184	4	4	mr-06	0	false	0	true	177	177	3	2	0	0	1661	0	0	0	0	470	75600	0	0	0	0	0	0	0	15	22538	497	1284	Disks phase
13		28	1757	1597259955127	1597259955333	206	4	7	mr-10	0	false	0	true	199	195	3	2	0	0	1661	0	0	0	0	470	75632	0	0	0	0	0	0	0	15	23076	493	1284	Disks phase
13		29	1811	1597259956493	1597259956802	309	7	3	mr-11	0	false	0	true	299	130	3	2	0	0	1603	0	0	0	0	0	0	0	0	166	30066	202	20	182	0	0	0	1284	Disks phase
13		29	1812	1597259956514	1597259956898	384	5	9	mr-12	0	false	0	true	376	227	3	2	0	0	1604	0	0	0	0	0	0	0	0	147	52162	214	20	194	0	0	0	1284	Disks phase
13		29	1813	1597259956521	1597259956827	306	3	5	mr-09	0	false	0	true	299	157	4	2	0	0	1605	0	0	0	0	0	0	0	0	140	45864	214	16	198	0	0	0	1284	Disks phase
13		29	1814	1597259956558	1597259956755	197	4	4	mr-06	0	false	0	true	190	82	2	2	1	0	1648	0	0	0	0	0	0	0	0	104	44792	214	18	196	0	0	0	1284	Disks phase
13		29	1823	1597259956736	1597259956792	56	3	11	mr-07	0	false	0	true	50	47	3	2	0	0	1603	0	0	0	0	0	0	0	0	0	24594	194	18	176	0	0	0	1284	Disks phase
13		29	1825	1597259956746	1597259956793	47	3	2	mr-02	0	false	0	true	40	38	4	3	0	0	1602	0	0	0	0	0	0	0	0	0	13198	128	12	116	0	0	0	1284	Disks phase
13		29	1824	1597259956746	1597259956839	93	3	1	mr-04	0	false	0	true	87	84	3	2	0	0	1604	0	0	0	0	0	0	0	0	0	31068	208	16	192	0	0	0	1284	Disks phase
13		29	1892	1597259957856	1597259957922	66	3	11	mr-07	0	false	0	true	60	57	3	2	0	0	1603	0	0	0	0	0	0	0	0	0	22002	176	16	160	0	0	0	1284	Disks phase
13		29	1893	1597259957895	1597259957945	50	4	5	mr-09	0	false	0	true	43	40	3	2	0	0	1603	0	0	0	0	0	0	0	0	0	25442	192	14	178	0	0	0	1284	Disks phase
13		29	1894	1597259957907	1597259957955	48	4	3	mr-11	0	false	0	true	42	38	2	2	0	0	1604	0	0	0	0	0	0	0	0	0	28596	200	20	180	0	0	0	1284	Disks phase
13		29	1895	1597259957922	1597259957984	62	4	11	mr-07	0	false	0	true	54	52	4	3	0	0	1603	0	0	0	0	0	0	0	0	0	18918	168	10	158	0	0	0	1284	Disks phase
13		29	1896	1597259957945	1597259958027	82	4	5	mr-09	0	false	0	true	75	70	3	2	0	0	1603	0	0	0	0	0	0	0	0	0	42422	214	14	200	0	0	0	1284	Disks phase
13		29	1897	1597259957954	1597259958020	66	5	3	mr-11	0	false	0	true	58	55	3	2	0	0	1604	0	0	0	0	0	0	0	0	0	44804	216	20	196	0	0	0	1284	Disks phase
12		27	1608	1597259953733	1597259953741	8	4	4	mr-06	0	false	0	true	2	2	2	1	0	0	1443	0	0	0	0	470	75632	0	0	0	0	0	0	0	0	0	0	1284	Disks phase
12		27	1609	1597259953733	1597259953741	8	5	2	mr-02	0	false	0	true	0	0	3	1	0	0	1400	0	0	0	0	470	75632	0	0	0	0	0	0	0	0	0	0	1284	Disks phase
12		27	1610	1597259953734	1597259953742	8	4	3	mr-11	0	false	0	true	3	2	1	1	0	0	1443	0	0	0	0	470	75632	0	0	0	0	0	0	0	0	0	0	1284	Disks phase
12		27	1679	1597259953776	1597259953783	7	4	11	mr-07	0	false	0	true	0	0	3	2	0	0	1400	0	0	0	0	470	75632	0	0	0	0	0	0	0	0	0	0	1284	Disks phase
12		27	1680	1597259953776	1597259953782	6	3	3	mr-11	0	false	0	true	1	0	2	1	0	0	1443	0	0	0	0	460	75592	0	0	0	0	0	0	0	0	0	0	1284	Disks phase
12		27	1681	1597259953777	1597259953783	6	4	12	mr-08	0	false	0	true	1	0	1	1	0	0	1443	0	0	0	0	460	75592	0	0	0	0	0	0	0	0	0	0	1284	Disks phase
12		27	1682	1597259953777	1597259953783	6	3	8	mr-01	0	false	0	true	1	0	2	1	0	0	1443	0	0	0	0	460	75592	0	0	0	0	0	0	0	0	0	0	1284	Disks phase
13		28	1729	1597259954617	1597259954845	228	5	1	mr-04	0	false	0	true	220	217	3	2	0	0	1661	0	0	0	0	470	75632	0	0	0	0	0	0	0	15	22703	493	1284	Disks phase
13		28	1730	1597259954623	1597259954941	318	4	11	mr-07	0	false	0	true	311	235	3	2	0	0	1661	0	0	0	0	470	75632	0	0	0	0	0	0	0	15	22981	502	1284	Disks phase
13		28	1732	1597259954666	1597259954922	256	5	9	mr-12	0	false	0	true	248	230	2	3	1	16	1747	0	0	0	0	470	75632	0	0	0	0	0	0	0	31	23563	506	1284	Disks phase
13		28	1731	1597259954666	1597259954861	195	4	6	mr-03	0	false	0	true	188	186	2	2	1	0	1704	0	0	0	0	470	75632	0	0	0	0	0	0	0	15	23085	497	1284	Disks phase
13		28	1734	1597259954682	1597259954901	219	5	7	mr-10	0	false	0	true	211	209	3	2	0	0	1661	0	0	0	0	470	75608	0	0	0	0	0	0	0	15	23187	501	1284	Disks phase
13		28	1735	1597259954693	1597259954891	198	4	8	mr-01	0	false	0	true	189	188	4	2	1	0	1704	0	0	0	0	470	75632	0	0	0	0	0	0	0	15	23241	501	1284	Disks phase
13		28	1736	1597259954745	1597259954966	221	4	12	mr-08	0	false	0	true	214	212	3	2	0	0	1661	0	0	0	0	470	75632	0	0	0	0	0	0	0	14	22553	490	1284	Disks phase
13		28	1793	1597259955832	1597259956037	205	5	11	mr-07	0	false	0	true	198	196	2	2	0	0	1661	0	0	0	0	470	75632	0	0	0	0	0	0	0	15	23172	499	1284	Disks phase
13		28	1794	1597259955848	1597259956037	189	4	6	mr-03	0	false	0	true	183	180	2	2	0	0	1661	0	0	0	0	460	75568	0	0	0	0	0	0	0	15	22561	490	1284	Disks phase
13		28	1795	1597259955934	1597259956120	186	4	9	mr-12	0	false	0	true	178	174	2	2	2	0	1704	0	0	0	0	460	75584	0	0	0	0	0	0	0	14	22555	484	1284	Disks phase
13		29	1839	1597259956858	1597259957243	385	4	11	mr-07	0	false	0	true	379	204	2	3	0	0	1607	0	0	0	0	0	0	0	0	170	43634	214	18	196	0	0	0	1284	Disks phase
13		29	1840	1597259956859	1597259957194	335	5	2	mr-02	0	false	0	true	327	153	3	2	0	0	1607	0	0	0	0	0	0	0	0	171	41330	214	18	196	0	0	0	1284	Disks phase
13		29	1853	1597259957096	1597259957201	105	4	12	mr-08	0	false	0	true	98	95	3	3	0	0	1605	0	0	0	0	0	0	0	0	0	46000	216	20	196	0	0	0	1284	Disks phase
13		29	1852	1597259957096	1597259957144	48	4	9	mr-12	0	false	0	true	41	39	3	3	0	0	1603	0	0	0	0	0	0	0	0	0	15406	144	16	128	0	0	0	1284	Disks phase
13		29	1854	1597259957099	1597259957136	37	3	8	mr-01	0	false	0	true	30	28	4	3	0	0	1601	0	0	0	0	0	0	0	0	0	10034	96	8	88	0	0	0	1284	Disks phase
13		29	1855	1597259957100	1597259957185	85	5	7	mr-10	0	false	0	true	77	64	3	3	0	10	1647	0	0	0	0	0	0	0	0	0	29242	200	16	184	0	0	0	1284	Disks phase
13		29	1856	1597259957104	1597259957157	53	5	6	mr-03	0	false	0	true	45	43	3	2	0	0	1602	0	0	0	0	0	0	0	0	0	13434	126	12	114	0	0	0	1284	Disks phase
13		29	1857	1597259957109	1597259957174	65	4	1	mr-04	0	false	0	true	58	32	3	2	0	21	1645	0	0	0	0	0	0	0	0	0	11192	106	14	92	0	0	0	1284	Disks phase
13		29	1861	1597259957144	1597259964564	7420	5	9	mr-12	0	false	0	true	7413	7393	2	2	0	13	1651	0	0	0	0	0	0	0	0	0	42208	216	20	196	0	0	0	1284	Disks phase
13		29	1862	1597259957156	1597259957175	19	3	10	mr-05	0	false	0	true	12	9	4	2	0	0	1601	0	0	0	0	0	0	0	0	1	2144	24	2	22	0	0	0	1284	Disks phase
13		29	1922	1597259958533	1597259958604	71	4	5	mr-09	0	false	0	true	65	62	2	2	0	0	1605	0	0	0	0	0	0	0	0	0	50050	216	16	200	0	0	0	1284	Disks phase
13		29	1923	1597259958546	1597259958616	70	5	3	mr-11	0	false	0	true	63	60	2	2	0	0	1606	0	0	0	0	0	0	0	0	0	58938	216	20	196	0	0	0	1284	Disks phase
13		29	1924	1597259958594	1597259958648	54	4	11	mr-07	0	false	0	true	46	44	4	3	0	0	1604	0	0	0	0	0	0	0	0	2	34070	214	18	196	0	0	0	1284	Disks phase
14		31	1970	1597259986864	1597259986872	8	5	1	mr-04	0	false	0	true	1	0	2	2	0	0	1352	0	0	0	0	1	10104	0	0	0	0	0	0	0	0	0	0	1284	Disks phase
14		31	1971	1597259986866	1597259986873	7	3	3	mr-11	0	false	0	true	1	0	3	2	0	0	1353	0	0	0	0	1	41784	0	0	0	0	0	0	0	0	0	0	1284	Disks phase
14		31	1973	1597259986867	1597259986875	8	5	4	mr-06	0	false	0	true	0	0	3	2	0	0	1309	0	0	0	0	1	12792	0	0	0	0	0	0	0	0	0	0	1284	Disks phase
14		31	1972	1597259986867	1597259986875	8	4	10	mr-05	0	false	0	true	0	0	4	3	0	0	1310	0	0	0	0	1	24104	0	0	0	0	0	0	0	0	0	0	1284	Disks phase
14		31	2061	1597259986947	1597259986953	6	3	5	mr-09	0	false	0	true	2	0	1	2	0	0	1352	0	0	0	0	1	7928	0	0	0	0	0	0	0	0	0	0	1284	Disks phase
14		31	2062	1597259986947	1597259986954	7	4	11	mr-07	0	false	0	true	0	0	3	2	0	0	1310	0	0	0	0	1	25488	0	0	0	0	0	0	0	0	0	0	1284	Disks phase
14		31	2063	1597259986949	1597259986956	7	3	4	mr-06	0	false	0	true	1	0	3	2	0	0	1352	0	0	0	0	1	6080	0	0	0	0	0	0	0	0	0	0	1284	Disks phase
14		31	2093	1597259986993	1597259986999	6	3	5	mr-09	0	false	0	true	0	0	3	2	0	0	1309	0	0	0	0	1	2344	0	0	0	0	0	0	0	0	0	0	1284	Disks phase
14		31	2094	1597259986996	1597259987002	6	3	3	mr-11	0	false	0	true	0	0	3	2	0	0	1309	0	0	0	0	1	11392	0	0	0	0	0	0	0	0	0	0	1284	Disks phase
14		31	2095	1597259986998	1597259987004	6	3	4	mr-06	0	false	0	true	2	0	1	2	0	0	1352	0	0	0	0	1	10312	0	0	0	0	0	0	0	0	0	0	1284	Disks phase
13		29	1949	1597259958893	1597259958935	42	4	3	mr-11	0	false	0	true	34	33	4	2	0	0	1605	0	0	0	0	0	0	0	0	0	13344	122	14	108	0	0	0	1284	Disks phase
13		29	1950	1597259958900	1597259958964	64	6	4	mr-06	0	false	0	true	56	53	2	3	0	0	1606	0	0	0	0	0	0	0	0	0	23092	182	14	168	0	0	0	1284	Disks phase
13		29	1951	1597259958925	1597259959012	87	2	5	mr-09	0	false	0	true	81	79	3	2	1	0	1650	0	0	0	0	0	0	0	0	1	68062	216	16	200	0	0	0	1284	Disks phase
13		29	1952	1597259958934	1597259959011	77	5	3	mr-11	0	false	0	true	70	68	2	2	0	0	1605	0	0	0	0	0	0	0	0	0	31594	198	20	178	0	0	0	1284	Disks phase
13		29	1953	1597259958941	1597259959002	61	2	6	mr-03	0	false	0	true	54	51	4	4	1	0	1649	0	0	0	0	0	0	0	0	1	26232	198	16	182	0	0	0	1284	Disks phase
13		29	1954	1597259958943	1597259958990	47	4	11	mr-07	0	false	0	true	40	38	3	2	0	0	1605	0	0	0	0	0	0	0	0	0	27968	202	18	184	0	0	0	1284	Disks phase
13		29	1955	1597259958963	1597259959013	50	5	4	mr-06	0	false	0	true	43	41	2	2	0	0	1605	0	0	0	0	0	0	0	0	0	24374	182	18	164	0	0	0	1284	Disks phase
13		29	1956	1597259958990	1597259959087	97	3	11	mr-07	0	false	0	true	90	89	4	2	0	0	1607	0	0	0	0	0	0	0	0	0	73434	216	18	198	0	0	0	1284	Disks phase
14		31	2010	1597259986891	1597259986898	7	4	8	mr-01	0	false	0	true	1	0	2	2	0	0	1353	0	0	0	0	1	31400	0	0	0	0	0	0	0	0	0	0	1284	Disks phase
14		31	2011	1597259986891	1597259986898	7	4	5	mr-09	0	false	0	true	0	0	3	2	0	0	1309	0	0	0	0	1	128	0	0	0	0	0	0	0	0	0	0	1284	Disks phase
14		31	2012	1597259986892	1597259986899	7	4	6	mr-03	0	false	0	true	0	0	3	2	0	0	1309	0	0	0	0	1	6032	0	0	0	0	0	0	0	0	0	0	1284	Disks phase
14		31	2014	1597259986893	1597259986900	7	3	1	mr-04	0	false	0	true	1	0	3	2	0	0	1352	0	0	0	0	1	1776	0	0	0	0	0	0	0	0	0	0	1284	Disks phase
14		31	2013	1597259986893	1597259986901	8	4	11	mr-07	0	false	0	true	1	0	3	3	0	0	1352	0	0	0	0	1	7712	0	0	0	0	0	0	0	0	0	0	1284	Disks phase
14		31	2015	1597259986894	1597259986900	6	3	7	mr-10	0	false	0	true	1	0	2	2	0	0	1352	0	0	0	0	1	5280	0	0	0	0	0	0	0	0	0	0	1284	Disks phase
14		31	2077	1597259986970	1597259986976	6	3	5	mr-09	0	false	0	true	1	0	2	2	0	0	1353	0	0	0	0	1	50280	0	0	0	0	0	0	0	0	0	0	1284	Disks phase
14		31	2078	1597259986972	1597259986979	7	3	11	mr-07	0	false	0	true	1	0	3	3	0	0	1353	0	0	0	0	1	45464	0	0	0	0	0	0	0	0	0	0	1284	Disks phase
14		31	2079	1597259986973	1597259986980	7	3	3	mr-11	0	false	0	true	1	0	3	2	0	0	1353	0	0	0	0	1	26200	0	0	0	0	0	0	0	0	0	0	1284	Disks phase
14		31	2025	1597259986900	1597259986907	7	4	7	mr-10	0	false	0	true	0	0	3	2	0	0	1309	0	0	0	0	1	10936	0	0	0	0	0	0	0	0	0	0	1284	Disks phase
14		31	2026	1597259986900	1597259986908	8	4	11	mr-07	0	false	0	true	0	0	4	3	0	0	1310	0	0	0	0	1	28504	0	0	0	0	0	0	0	0	0	0	1284	Disks phase
14		31	2080	1597259986975	1597259986981	6	3	4	mr-06	0	false	0	true	1	0	2	2	0	0	1352	0	0	0	0	1	11264	0	0	0	0	0	0	0	0	0	0	1284	Disks phase
14		31	2081	1597259986976	1597259986982	6	4	5	mr-09	0	false	0	true	0	0	2	2	0	0	1310	0	0	0	0	1	20064	0	0	0	0	0	0	0	0	0	0	1284	Disks phase
14		31	2082	1597259986979	1597259986985	6	3	11	mr-07	0	false	0	true	1	0	2	2	0	0	1352	0	0	0	0	1	3384	0	0	0	0	0	0	0	0	0	0	1284	Disks phase
14		31	2083	1597259986979	1597259986986	7	4	3	mr-11	0	false	0	true	0	0	3	2	0	0	1310	0	0	0	0	1	26720	0	0	0	0	0	0	0	0	0	0	1284	Disks phase
14		31	2084	1597259986981	1597259986987	6	3	4	mr-06	0	false	0	true	2	0	1	2	0	0	1352	0	0	0	0	1	16272	0	0	0	0	0	0	0	0	0	0	1284	Disks phase
12		27	1582	1597259953693	1597259953727	34	11	3	mr-11	0	false	0	true	3	3	20	16	0	0	1443	0	0	0	0	470	75632	0	0	0	0	0	0	0	0	0	0	1284	Disks phase
12		27	1581	1597259953693	1597259953729	36	10	10	mr-05	0	false	0	true	3	3	23	19	0	0	1443	0	0	0	0	470	75632	0	0	0	0	0	0	0	0	0	0	1284	Disks phase
12		27	1583	1597259953693	1597259953726	33	10	6	mr-03	0	false	0	true	3	3	20	16	0	0	1443	0	0	0	0	470	75632	0	0	0	0	0	0	0	0	0	0	1284	Disks phase
12		27	1659	1597259953764	1597259953771	7	5	12	mr-08	0	false	0	true	1	0	1	1	0	0	1443	0	0	0	0	470	75632	0	0	0	0	0	0	0	0	0	0	1284	Disks phase
12		27	1660	1597259953765	1597259953772	7	5	8	mr-01	0	false	0	true	1	0	1	1	0	0	1443	0	0	0	0	460	75592	0	0	0	0	0	0	0	0	0	0	1284	Disks phase
12		27	1661	1597259953765	1597259953772	7	5	6	mr-03	0	false	0	true	1	0	1	1	0	0	1443	0	0	0	0	460	75592	0	0	0	0	0	0	0	0	0	0	1284	Disks phase
13		28	1713	1597259954316	1597259954883	567	5	5	mr-09	0	false	0	true	559	202	3	3	0	75	1704	0	0	0	0	470	75624	0	0	0	0	0	0	0	16	23301	504	1284	Disks phase
13		28	1714	1597259954330	1597259954617	287	3	1	mr-04	0	false	0	true	280	227	4	2	0	49	1704	0	0	0	0	470	75608	0	0	0	0	0	0	0	15	22805	501	1284	Disks phase
13		28	1715	1597259954338	1597259954541	203	4	3	mr-11	0	false	0	true	196	192	3	2	0	0	1661	0	0	0	0	470	75632	0	0	0	0	0	0	0	15	23098	496	1284	Disks phase
13		28	1774	1597259955400	1597259955587	187	4	1	mr-04	0	false	0	true	179	178	3	2	1	0	1704	0	0	0	0	460	75592	0	0	0	0	0	0	0	14	22660	483	1284	Disks phase
13		28	1775	1597259955418	1597259955832	414	5	11	mr-07	0	false	0	true	407	210	2	3	0	193	1704	0	0	0	0	470	75632	0	0	0	0	0	0	0	14	22936	504	1284	Disks phase
13		28	1776	1597259955461	1597259955694	233	4	4	mr-06	0	false	0	true	226	177	3	2	0	47	1704	0	0	0	0	460	75592	0	0	0	0	0	0	0	15	22547	482	1284	Disks phase
13		28	1777	1597259955462	1597259955671	209	4	8	mr-01	0	false	0	true	201	199	4	3	0	0	1661	0	0	0	0	460	75592	0	0	0	0	0	0	0	15	22646	493	1284	Disks phase
13		28	1778	1597259955471	1597259955669	198	4	5	mr-09	0	false	0	true	191	186	3	2	0	0	1661	0	0	0	0	470	75632	0	0	0	0	0	0	0	14	23284	504	1284	Disks phase
13		28	1779	1597259955482	1597259955702	220	6	2	mr-02	0	false	0	true	211	210	3	2	0	0	1661	0	0	0	0	460	75584	0	0	0	0	0	0	0	19	22566	489	1284	Disks phase
13		29	1833	1597259956812	1597259957019	207	4	10	mr-05	0	false	0	true	200	197	3	2	0	0	1605	0	0	0	0	0	0	0	0	0	36386	212	16	196	0	0	0	1284	Disks phase
13		29	1834	1597259956822	1597259956965	143	4	7	mr-10	0	false	0	true	135	133	4	2	0	0	1606	0	0	0	0	0	0	0	0	0	41616	212	18	194	0	0	0	1284	Disks phase
13		29	1835	1597259956827	1597259957077	250	3	5	mr-09	0	false	0	true	243	55	4	2	0	184	1647	0	0	0	0	0	0	0	0	0	20788	180	12	168	0	0	0	1284	Disks phase
13		29	1836	1597259956839	1597259956923	84	3	1	mr-04	0	false	0	true	77	74	3	2	1	0	1649	0	0	0	0	0	0	0	0	0	26824	204	16	188	0	0	0	1284	Disks phase
13		29	1837	1597259956840	1597259956864	24	5	4	mr-06	0	false	0	true	16	15	3	2	0	0	1601	0	0	0	0	0	0	0	0	0	5310	54	4	50	0	0	0	1284	Disks phase
13		29	1838	1597259956844	1597259956904	60	4	6	mr-03	0	false	0	true	53	45	3	2	0	0	1603	0	0	0	0	0	0	0	0	5	25226	188	14	174	0	0	0	1284	Disks phase
13		29	1866	1597259957185	1597259971830	14645	5	7	mr-10	0	false	0	true	14637	14201	3	2	0	389	1653	0	0	0	0	0	0	0	0	0	49504	216	18	198	0	0	0	1284	Disks phase
13		29	1867	1597259957193	1597259986806	29613	5	2	mr-02	0	false	0	true	29605	29152	3	2	0	441	1654	0	0	0	0	0	0	0	0	0	55496	216	18	198	0	0	0	1284	Disks phase
12		27	1591	1597259953695	1597259953724	29	6	1	mr-04	0	false	0	true	4	3	19	15	0	0	1443	0	0	0	0	470	75632	0	0	0	0	0	0	0	0	0	0	1284	Disks phase
12		27	1590	1597259953695	1597259953728	33	7	5	mr-09	0	false	0	true	3	3	23	19	0	0	1443	0	0	0	0	470	75624	0	0	0	0	0	0	0	0	0	0	1284	Disks phase
12		27	1592	1597259953695	1597259953728	33	6	11	mr-07	0	false	0	true	4	3	22	17	1	0	1486	0	0	0	0	470	75632	0	0	0	0	0	0	0	0	0	0	1284	Disks phase
12		27	1662	1597259953766	1597259953773	7	5	9	mr-12	0	false	0	true	1	0	1	1	0	0	1443	0	0	0	0	460	75592	0	0	0	0	0	0	0	0	0	0	1284	Disks phase
12		27	1663	1597259953766	1597259953773	7	4	7	mr-10	0	false	0	true	1	0	2	1	0	0	1443	0	0	0	0	460	75568	0	0	0	0	0	0	0	0	0	0	1284	Disks phase
12		27	1665	1597259953767	1597259953775	8	6	1	mr-04	0	false	0	true	1	0	1	1	0	0	1443	0	0	0	0	460	75592	0	0	0	0	0	0	0	0	0	0	1284	Disks phase
12		27	1664	1597259953767	1597259953774	7	5	2	mr-02	0	false	0	true	0	0	2	1	0	0	1400	0	0	0	0	460	75584	0	0	0	0	0	0	0	0	0	0	1284	Disks phase
12		27	1666	1597259953768	1597259953775	7	5	10	mr-05	0	false	0	true	1	0	1	1	0	0	1443	0	0	0	0	460	75584	0	0	0	0	0	0	0	0	0	0	1284	Disks phase
13		28	1716	1597259954354	1597259954546	192	4	12	mr-08	0	false	0	true	185	182	3	2	0	0	1661	0	0	0	0	470	75632	0	0	0	0	0	0	0	16	23054	494	1284	Disks phase
13		28	1717	1597259954389	1597259954674	285	4	4	mr-06	0	false	0	true	276	231	4	3	1	43	1747	0	0	0	0	470	75632	0	0	0	0	0	0	0	15	23617	509	1284	Disks phase
13		28	1718	1597259954399	1597259954612	213	4	2	mr-02	0	false	0	true	207	204	2	2	0	0	1661	0	0	0	0	470	75632	0	0	0	0	0	0	0	17	22963	495	1284	Disks phase
13		28	1719	1597259954404	1597259954594	190	3	10	mr-05	0	false	0	true	183	181	4	2	0	0	1661	0	0	0	0	460	75568	0	0	0	0	0	0	0	14	22756	482	1284	Disks phase
13		28	1720	1597259954432	1597259954667	235	5	9	mr-12	0	false	0	true	227	224	3	2	0	0	1661	0	0	0	0	470	75632	0	0	0	0	0	0	0	14	22952	492	1284	Disks phase
13		28	1721	1597259954433	1597259954623	190	3	11	mr-07	0	false	0	true	184	183	3	2	0	0	1661	0	0	0	0	470	75624	0	0	0	0	0	0	0	13	23233	510	1284	Disks phase
13		28	1722	1597259954441	1597259954682	241	4	7	mr-10	0	false	0	true	233	191	3	2	1	41	1747	0	0	0	0	470	75632	0	0	0	0	0	0	0	14	22789	493	1284	Disks phase
13		28	1723	1597259954461	1597259954694	233	5	8	mr-01	0	false	0	true	226	192	2	2	0	31	1704	0	0	0	0	470	75632	0	0	0	0	0	0	0	16	22835	497	1284	Disks phase
13		28	1724	1597259954463	1597259954666	203	4	6	mr-03	0	false	0	true	197	195	2	2	0	0	1661	0	0	0	0	470	75632	0	0	0	0	0	0	0	15	22943	500	1284	Disks phase
13		28	1725	1597259954540	1597259954810	270	4	3	mr-11	0	false	0	true	261	212	4	4	1	45	1747	0	0	0	0	470	75632	0	0	0	0	0	0	0	18	22876	500	1284	Disks phase
13		28	1780	1597259955535	1597259955759	224	5	7	mr-10	0	false	0	true	217	213	2	2	0	0	1661	0	0	0	0	460	75568	0	0	0	0	0	0	0	14	22239	483	1284	Disks phase
13		28	1781	1597259955547	1597259955740	193	4	9	mr-12	0	false	0	true	186	184	3	2	0	0	1661	0	0	0	0	460	75568	0	0	0	0	0	0	0	14	22971	489	1284	Disks phase
13		28	1782	1597259955562	1597259955735	173	3	12	mr-08	0	false	0	true	167	165	3	2	0	0	1661	0	0	0	0	460	75592	0	0	0	0	0	0	0	13	22399	493	1284	Disks phase
13		28	1783	1597259955590	1597259955768	178	5	3	mr-11	0	false	0	true	171	168	2	2	0	0	1661	0	0	0	0	460	75592	0	0	0	0	0	0	0	13	21686	478	1284	Disks phase
13		28	1784	1597259955646	1597259955848	202	4	6	mr-03	0	false	0	true	195	189	3	3	0	0	1661	0	0	0	0	460	75592	0	0	0	0	0	0	0	15	22990	485	1284	Disks phase
12		27	1587	1597259953694	1597259953729	35	7	12	mr-08	0	false	0	true	5	3	23	19	0	0	1443	0	0	0	0	470	75632	0	0	0	0	0	0	0	0	0	0	1284	Disks phase
12		27	1586	1597259953694	1597259953730	36	11	8	mr-01	0	false	0	true	4	3	21	17	0	0	1443	0	0	0	0	470	75632	0	0	0	0	0	0	0	0	0	0	1284	Disks phase
12		27	1589	1597259953694	1597259953727	33	9	2	mr-02	0	false	0	true	5	3	19	17	0	0	1443	0	0	0	0	470	75632	0	0	0	0	0	0	0	0	0	0	1284	Disks phase
12		27	1588	1597259953694	1597259953728	34	10	9	mr-12	0	false	0	true	3	3	21	16	0	0	1443	0	0	0	0	470	75632	0	0	0	0	0	0	0	0	0	0	1284	Disks phase
12		27	1585	1597259953694	1597259953724	30	6	4	mr-06	0	false	0	true	5	3	18	15	1	0	1486	0	0	0	0	470	75632	0	0	0	0	0	0	0	0	0	0	1284	Disks phase
12		27	1584	1597259953694	1597259953726	32	9	7	mr-10	0	false	0	true	4	3	19	16	0	0	1443	0	0	0	0	470	75632	0	0	0	0	0	0	0	0	0	0	1284	Disks phase
12		27	1655	1597259953761	1597259953769	8	6	4	mr-06	0	false	0	true	1	0	1	1	0	0	1443	0	0	0	0	470	75632	0	0	0	0	0	0	0	0	0	0	1284	Disks phase
12		27	1654	1597259953761	1597259953768	7	5	10	mr-05	0	false	0	true	0	0	2	1	0	0	1400	0	0	0	0	460	75584	0	0	0	0	0	0	0	0	0	0	1284	Disks phase
12		27	1656	1597259953762	1597259953770	8	5	11	mr-07	0	false	0	true	1	0	2	1	0	0	1443	0	0	0	0	470	75632	0	0	0	0	0	0	0	0	0	0	1284	Disks phase
12		27	1657	1597259953763	1597259953770	7	4	5	mr-09	0	false	0	true	1	0	2	1	0	0	1443	0	0	0	0	470	75632	0	0	0	0	0	0	0	0	0	0	1284	Disks phase
12		27	1658	1597259953763	1597259953771	8	6	3	mr-11	0	false	0	true	0	0	2	1	0	0	1400	0	0	0	0	470	75632	0	0	0	0	0	0	0	0	0	0	1284	Disks phase
13		28	1703	1597259954121	1597259954404	283	5	10	mr-05	0	false	0	true	276	210	2	2	0	62	1704	0	0	0	0	470	75632	0	0	0	0	0	0	0	14	23089	502	1284	Disks phase
13		28	1707	1597259954148	1597259954441	293	4	7	mr-10	0	false	0	true	285	224	4	3	0	57	1704	0	0	0	0	470	75632	0	0	0	0	0	0	0	14	23122	502	1284	Disks phase
13		28	1708	1597259954149	1597259954390	241	4	4	mr-06	0	false	0	true	234	233	3	2	0	0	1661	0	0	0	0	470	75608	0	0	0	0	0	0	0	16	23268	500	1284	Disks phase
13		28	1709	1597259954167	1597259954461	294	4	8	mr-01	0	false	0	true	287	225	3	2	0	59	1704	0	0	0	0	470	75632	0	0	0	0	0	0	0	17	23615	508	1284	Disks phase
13		28	1710	1597259954173	1597259954399	226	4	2	mr-02	0	false	0	true	219	190	3	2	0	29	1704	0	0	0	0	470	75632	0	0	0	0	0	0	0	15	22992	498	1284	Disks phase
13		28	1711	1597259954187	1597259954432	245	5	9	mr-12	0	false	0	true	238	212	2	3	0	23	1704	0	0	0	0	470	75632	0	0	0	0	0	0	0	14	23153	501	1284	Disks phase
13		28	1712	1597259954232	1597259954433	201	4	11	mr-07	0	false	0	true	194	190	3	2	0	0	1661	0	0	0	0	470	75632	0	0	0	0	0	0	0	14	23175	500	1284	Disks phase
13		28	1764	1597259955249	1597259955646	397	5	6	mr-03	0	false	0	true	389	193	3	2	0	195	1704	0	0	0	0	470	75632	0	0	0	0	0	0	0	14	22953	491	1284	Disks phase
13		28	1765	1597259955269	1597259955462	193	4	4	mr-06	0	false	0	true	186	184	3	2	0	0	1661	0	0	0	0	470	75632	0	0	0	0	0	0	0	15	22880	490	1284	Disks phase
12		27	1600	1597259953728	1597259953736	8	4	5	mr-09	0	false	0	true	1	1	3	1	0	0	1443	0	0	0	0	470	75632	0	0	0	0	0	0	0	0	0	0	1284	Disks phase
12		27	1601	1597259953728	1597259953739	11	6	11	mr-07	0	false	0	true	3	2	2	2	0	0	1443	0	0	0	0	470	75632	0	0	0	0	0	0	0	0	0	0	1284	Disks phase
12		27	1603	1597259953729	1597259953741	12	7	12	mr-08	0	false	0	true	3	2	2	1	0	0	1443	0	0	0	0	470	75632	0	0	0	0	0	0	0	0	0	0	1284	Disks phase
12		27	1602	1597259953729	1597259953737	8	3	10	mr-05	0	false	0	true	3	2	2	1	0	0	1443	0	0	0	0	470	75632	0	0	0	0	0	0	0	0	0	0	1284	Disks phase
12		27	1604	1597259953730	1597259953737	7	4	8	mr-01	0	false	0	true	0	1	3	2	0	0	1400	0	0	0	0	470	75632	0	0	0	0	0	0	0	0	0	0	1284	Disks phase
12		27	1605	1597259953731	1597259953741	10	6	1	mr-04	0	false	0	true	2	2	2	1	0	0	1443	0	0	0	0	470	75608	0	0	0	0	0	0	0	0	0	0	1284	Disks phase
12		27	1607	1597259953732	1597259953740	8	6	7	mr-10	0	false	0	true	0	0	2	1	0	0	1400	0	0	0	0	470	75632	0	0	0	0	0	0	0	0	0	0	1284	Disks phase
12		27	1606	1597259953732	1597259953739	7	4	6	mr-03	0	false	0	true	1	0	2	1	0	0	1443	0	0	0	0	470	75632	0	0	0	0	0	0	0	0	0	0	1284	Disks phase
12		27	1641	1597259953753	1597259953761	8	5	1	mr-04	0	false	0	true	2	1	1	1	0	0	1443	0	0	0	0	470	75632	0	0	0	0	0	0	0	0	0	0	1284	Disks phase
12		27	1640	1597259953753	1597259953761	8	6	10	mr-05	0	false	0	true	1	0	1	1	0	0	1443	0	0	0	0	460	75592	0	0	0	0	0	0	0	0	0	0	1284	Disks phase
12		27	1642	1597259953754	1597259953760	6	4	2	mr-02	0	false	0	true	1	0	1	1	0	0	1443	0	0	0	0	460	75592	0	0	0	0	0	0	0	0	0	0	1284	Disks phase
12		27	1643	1597259953754	1597259953762	8	5	11	mr-07	0	false	0	true	1	1	2	1	0	0	1443	0	0	0	0	470	75632	0	0	0	0	0	0	0	0	0	0	1284	Disks phase
13		28	1689	1597259953906	1597259954133	227	7	3	mr-11	0	false	0	true	209	204	11	8	0	0	1661	0	0	0	0	470	75632	0	0	0	0	0	0	0	16	23093	494	1284	Disks phase
13		28	1694	1597259953907	1597259954187	280	6	9	mr-12	0	false	0	true	262	231	12	7	0	28	1704	0	0	0	0	470	75632	0	0	0	0	0	0	0	16	23505	501	1284	Disks phase
13		28	1692	1597259953907	1597259954233	326	7	11	mr-07	0	false	0	true	305	240	14	9	0	62	1704	0	0	0	0	470	75632	0	0	0	0	0	0	0	15	22793	486	1284	Disks phase
13		28	1690	1597259953907	1597259954121	214	6	5	mr-09	0	false	0	true	197	197	11	7	0	0	1661	0	0	0	0	470	75624	0	0	0	0	0	0	0	15	23152	489	1284	Disks phase
13		28	1691	1597259953907	1597259954122	215	6	10	mr-05	0	false	0	true	196	195	13	8	0	0	1661	0	0	0	0	470	75632	0	0	0	0	0	0	0	14	22766	493	1284	Disks phase
13		28	1693	1597259953907	1597259954145	238	5	12	mr-08	0	false	0	true	221	219	12	7	0	0	1661	0	0	0	0	470	75632	0	0	0	0	0	0	0	16	22852	494	1284	Disks phase
13		28	1748	1597259954961	1597259955159	198	6	10	mr-05	0	false	0	true	189	187	3	2	0	0	1661	0	0	0	0	460	75584	0	0	0	0	0	0	0	14	22336	477	1284	Disks phase
13		28	1749	1597259954965	1597259955200	235	4	12	mr-08	0	false	0	true	227	198	4	3	0	27	1704	0	0	0	0	470	75632	0	0	0	0	0	0	0	14	22749	494	1284	Disks phase
13		28	1750	1597259955016	1597259955206	190	4	3	mr-11	0	false	0	true	183	180	3	3	0	0	1661	0	0	0	0	470	75624	0	0	0	0	0	0	0	15	22655	492	1284	Disks phase
13		28	1751	1597259955037	1597259955219	182	4	1	mr-04	0	false	0	true	175	174	3	2	0	0	1661	0	0	0	0	470	75632	0	0	0	0	0	0	0	14	22629	495	1284	Disks phase
13		28	1752	1597259955055	1597259955250	195	5	6	mr-03	0	false	0	true	188	184	2	2	0	0	1661	0	0	0	0	470	75632	0	0	0	0	0	0	0	15	23071	502	1284	Disks phase
13		29	1816	1597259956564	1597259956747	183	5	2	mr-02	0	false	0	true	174	74	4	3	0	0	1604	0	0	0	0	0	0	0	0	98	22076	172	16	156	0	0	0	1284	Disks phase
13		29	1815	1597259956564	1597259956869	305	4	8	mr-01	0	false	0	true	298	198	3	2	0	0	1606	0	0	0	0	0	0	0	0	97	46460	216	18	198	0	0	0	1284	Disks phase
12		27	1594	1597259953723	1597259953733	10	5	4	mr-06	0	false	0	true	4	2	1	2	0	0	1443	0	0	0	0	470	75608	0	0	0	0	0	0	0	0	0	0	1284	Disks phase
12		27	1593	1597259953723	1597259953731	8	4	1	mr-04	0	false	0	true	3	2	1	2	0	0	1443	0	0	0	0	470	75632	0	0	0	0	0	0	0	0	0	0	1284	Disks phase
12		27	1595	1597259953724	1597259953732	8	3	7	mr-10	0	false	0	true	2	1	3	2	0	0	1443	0	0	0	0	470	75632	0	0	0	0	0	0	0	0	0	0	1284	Disks phase
12		27	1597	1597259953725	1597259953734	9	5	3	mr-11	0	false	0	true	3	2	1	2	0	0	1443	0	0	0	0	470	75632	0	0	0	0	0	0	0	0	0	0	1284	Disks phase
12		27	1596	1597259953725	1597259953732	7	3	6	mr-03	0	false	0	true	1	1	3	2	0	0	1443	0	0	0	0	470	75632	0	0	0	0	0	0	0	0	0	0	1284	Disks phase
13		28	1742	1597259954883	1597259955084	201	4	5	mr-09	0	false	0	true	193	192	4	3	0	0	1661	0	0	0	0	470	75632	0	0	0	0	0	0	0	15	23117	495	1284	Disks phase
13		28	1743	1597259954890	1597259955073	183	5	8	mr-01	0	false	0	true	175	173	3	2	0	0	1661	0	0	0	0	470	75632	0	0	0	0	0	0	0	15	22309	494	1284	Disks phase
13		28	1744	1597259954897	1597259955085	188	4	4	mr-06	0	false	0	true	182	179	2	2	0	0	1661	0	0	0	0	470	75632	0	0	0	0	0	0	0	15	22905	492	1284	Disks phase
13		28	1745	1597259954901	1597259955127	226	4	7	mr-10	0	false	0	true	217	215	4	3	1	0	1704	0	0	0	0	470	75632	0	0	0	0	0	0	0	15	22489	488	1284	Disks phase
13		28	1746	1597259954922	1597259955159	237	4	9	mr-12	0	false	0	true	228	225	4	2	1	0	1704	0	0	0	0	470	75608	0	0	0	0	0	0	0	14	23241	504	1284	Disks phase
13		28	1747	1597259954940	1597259955188	248	4	11	mr-07	0	false	0	true	240	236	4	3	0	0	1661	0	0	0	0	470	75632	0	0	0	0	0	0	0	15	23179	497	1284	Disks phase
13		28	1796	1597259956036	1597259956268	232	5	11	mr-07	0	false	0	true	223	222	4	2	0	0	1661	0	0	0	0	460	75592	0	0	0	0	0	0	0	15	22571	489	1284	Disks phase
13		29	1797	1597259956300	1597259956483	183	10	11	mr-07	1	false	0	true	88	81	85	80	0	0	1601	0	0	0	0	0	0	0	0	0	2532	26	8	18	0	0	0	1284	Disks phase
13		29	1800	1597259956303	1597259956565	262	7	2	mr-02	0	false	0	true	171	149	84	81	0	9	1644	0	0	0	0	0	0	0	0	1	13898	120	6	114	0	0	0	1284	Disks phase
13		29	1801	1597259956303	1597259956623	320	7	7	mr-10	0	false	0	true	230	223	83	79	0	0	1604	0	0	0	0	0	0	0	0	0	26276	190	16	174	0	0	0	1284	Disks phase
13		29	1799	1597259956303	1597259956493	190	7	3	mr-11	1	false	0	true	82	75	101	93	0	0	1600	0	0	0	0	0	0	0	0	0	726	8	4	4	0	0	0	1284	Disks phase
13		29	1798	1597259956303	1597259956468	165	7	5	mr-09	1	false	0	true	78	73	80	76	0	0	1600	0	0	0	0	0	0	0	0	0	540	6	2	4	0	0	0	1284	Disks phase
13		29	1804	1597259956304	1597259956645	341	5	1	mr-04	0	false	0	true	261	252	75	71	0	0	1605	0	0	0	0	0	0	0	0	0	49348	216	16	200	0	0	0	1284	Disks phase
13		29	1805	1597259956304	1597259956661	357	7	12	mr-08	0	false	0	true	274	259	76	72	0	0	1603	0	0	0	0	0	0	0	0	0	43312	216	20	196	0	0	0	1284	Disks phase
13		29	1802	1597259956304	1597259956515	211	6	9	mr-12	0	false	0	true	131	125	74	70	0	0	1600	0	0	0	0	0	0	0	0	0	9716	96	6	90	0	0	0	1284	Disks phase
13		29	1807	1597259956304	1597259956564	260	6	8	mr-01	0	false	0	true	166	160	88	83	0	0	1602	0	0	0	0	0	0	0	0	1	17880	156	14	142	0	0	0	1284	Disks phase
13		29	1806	1597259956304	1597259956714	410	5	6	mr-03	0	false	0	true	329	322	76	70	0	0	1603	0	0	0	0	0	0	0	0	0	32976	214	18	196	0	0	0	1284	Disks phase
13		29	1803	1597259956304	1597259956812	508	5	10	mr-05	0	false	0	true	411	222	92	87	0	180	1647	0	0	0	0	0	0	0	0	0	28684	204	16	188	0	0	0	1284	Disks phase
13		29	1810	1597259956482	1597259956617	135	4	11	mr-07	0	false	0	true	128	125	3	3	0	0	1604	0	0	0	0	0	0	0	0	0	33304	206	18	188	0	0	0	1284	Disks phase
12		27	1598	1597259953726	1597259953734	8	4	2	mr-02	0	false	0	true	1	1	2	2	1	0	1486	0	0	0	0	470	75632	0	0	0	0	0	0	0	0	0	0	1284	Disks phase
12		27	1599	1597259953727	1597259953736	9	5	9	mr-12	0	false	0	true	1	1	3	2	0	0	1443	0	0	0	0	470	75632	0	0	0	0	0	0	0	0	0	0	1284	Disks phase
12		27	1667	1597259953769	1597259953776	7	5	4	mr-06	0	false	0	true	1	0	1	1	0	0	1443	0	0	0	0	460	75592	0	0	0	0	0	0	0	0	0	0	1284	Disks phase
12		27	1668	1597259953769	1597259953777	8	6	11	mr-07	0	false	0	true	1	0	1	1	0	0	1443	0	0	0	0	470	75632	0	0	0	0	0	0	0	0	0	0	1284	Disks phase
12		27	1669	1597259953770	1597259953777	7	5	5	mr-09	0	false	0	true	1	0	1	1	0	0	1443	0	0	0	0	470	75632	0	0	0	0	0	0	0	0	0	0	1284	Disks phase
12		27	1670	1597259953770	1597259953777	7	5	3	mr-11	0	false	0	true	1	0	1	1	0	0	1443	0	0	0	0	460	75592	0	0	0	0	0	0	0	0	0	0	1284	Disks phase
12		27	1671	1597259953771	1597259953777	6	4	12	mr-08	0	false	0	true	1	0	1	1	0	0	1443	0	0	0	0	470	75632	0	0	0	0	0	0	0	0	0	0	1284	Disks phase
12		27	1672	1597259953772	1597259953778	6	4	8	mr-01	0	false	0	true	1	0	1	1	0	0	1443	0	0	0	0	460	75592	0	0	0	0	0	0	0	0	0	0	1284	Disks phase
12		27	1673	1597259953772	1597259953778	6	4	6	mr-03	0	false	0	true	1	0	1	1	0	0	1443	0	0	0	0	460	75568	0	0	0	0	0	0	0	0	0	0	1284	Disks phase
13		28	1726	1597259954546	1597259954745	199	4	12	mr-08	0	false	0	true	193	190	2	2	0	0	1661	0	0	0	0	470	75624	0	0	0	0	0	0	0	15	23239	500	1284	Disks phase
13		28	1727	1597259954594	1597259954777	183	6	10	mr-05	0	false	0	true	175	170	2	2	0	0	1661	0	0	0	0	460	75592	0	0	0	0	0	0	0	17	22189	485	1284	Disks phase
13		28	1728	1597259954612	1597259954815	203	4	2	mr-02	0	false	0	true	195	193	4	3	0	0	1661	0	0	0	0	470	75632	0	0	0	0	0	0	0	15	22891	499	1284	Disks phase
13		28	1785	1597259955668	1597259955879	211	4	5	mr-09	0	false	0	true	204	203	3	2	0	0	1661	0	0	0	0	470	75632	0	0	0	0	0	0	0	14	23001	497	1284	Disks phase
13		28	1786	1597259955671	1597259955907	236	3	8	mr-01	0	false	0	true	229	227	4	3	0	0	1661	0	0	0	0	460	75592	0	0	0	0	0	0	0	14	22592	491	1284	Disks phase
13		28	1787	1597259955694	1597259955875	181	3	4	mr-06	0	false	0	true	175	174	3	2	0	0	1661	0	0	0	0	460	75592	0	0	0	0	0	0	0	14	22743	496	1284	Disks phase
13		29	1847	1597259956965	1597259957101	136	4	7	mr-10	0	false	0	true	129	60	3	2	0	0	1603	0	0	0	0	0	0	0	0	67	14090	128	8	120	0	0	0	1284	Disks phase
13		29	1848	1597259957018	1597259957083	65	5	10	mr-05	0	false	0	true	58	45	2	2	0	0	1603	0	0	0	0	0	0	0	0	11	26052	190	14	176	0	0	0	1284	Disks phase
13		29	1849	1597259957077	1597259957143	66	4	5	mr-09	0	false	0	true	60	56	2	2	0	0	1603	0	0	0	0	0	0	0	0	0	37850	214	16	198	0	0	0	1284	Disks phase
13		29	1914	1597259958263	1597259958331	68	5	3	mr-11	0	false	0	true	61	58	2	2	0	0	1606	0	0	0	0	0	0	0	0	0	45376	216	20	196	0	0	0	1284	Disks phase
13		29	1915	1597259958270	1597259958311	41	4	11	mr-07	0	false	0	true	33	32	4	2	0	0	1604	0	0	0	0	0	0	0	0	0	18866	162	10	152	0	0	0	1284	Disks phase
13		29	1916	1597259958287	1597259958533	246	4	5	mr-09	0	false	0	true	239	67	3	2	0	0	1605	0	0	0	0	0	0	0	0	171	54312	214	16	198	0	0	0	1284	Disks phase
13		29	1917	1597259958310	1597259958532	222	5	11	mr-07	0	false	0	true	215	65	2	2	0	0	1605	0	0	0	0	0	0	0	0	147	38894	216	18	198	0	0	0	1284	Disks phase
13		29	1918	1597259958331	1597259958547	216	4	3	mr-11	0	false	0	true	209	80	3	2	0	0	1605	0	0	0	0	0	0	0	0	127	60292	216	20	196	0	0	0	1284	Disks phase
13		29	1919	1597259958339	1597259958528	189	6	4	mr-06	0	false	0	true	180	60	3	2	0	0	1605	0	0	0	0	0	0	0	0	119	28378	202	18	184	0	0	0	1284	Disks phase
13		29	1920	1597259958528	1597259958604	76	6	4	mr-06	0	false	0	true	67	65	3	2	0	0	1605	0	0	0	0	0	0	0	0	1	49148	216	18	198	0	0	0	1284	Disks phase
13		29	1921	1597259958532	1597259958595	63	5	11	mr-07	0	false	0	true	54	52	4	3	0	0	1605	0	0	0	0	0	0	0	0	0	45214	216	18	198	0	0	0	1284	Disks phase
14		31	1974	1597259986868	1597259986876	8	5	2	mr-02	0	false	0	true	0	0	3	3	0	0	1309	0	0	0	0	1	8792	0	0	0	0	0	0	0	0	0	0	1284	Disks phase
14		31	1976	1597259986869	1597259986877	8	5	5	mr-09	0	false	0	true	1	0	2	3	0	0	1352	0	0	0	0	1	6360	0	0	0	0	0	0	0	0	0	0	1284	Disks phase
14		31	1975	1597259986869	1597259986880	11	7	9	mr-12	0	false	0	true	2	0	2	3	0	0	1353	0	0	0	0	1	23632	0	0	0	0	0	0	0	0	0	0	1284	Disks phase
14		31	1977	1597259986869	1597259986880	11	7	6	mr-03	0	false	0	true	1	0	3	3	0	0	1352	0	0	0	0	1	984	0	0	0	0	0	0	0	0	0	0	1284	Disks phase
14		31	1980	1597259986870	1597259986878	8	5	8	mr-01	0	false	0	true	0	0	3	2	0	0	1309	0	0	0	0	1	1248	0	0	0	0	0	0	0	0	0	0	1284	Disks phase
14		31	1978	1597259986870	1597259986879	9	5	7	mr-10	0	false	0	true	1	0	3	3	0	0	1352	0	0	0	0	1	1240	0	0	0	0	0	0	0	0	0	0	1284	Disks phase
14		31	1979	1597259986870	1597259986881	11	6	12	mr-08	0	false	0	true	1	0	4	4	0	0	1352	0	0	0	0	1	4216	0	0	0	0	0	0	0	0	0	0	1284	Disks phase
14		31	2037	1597259986912	1597259986918	6	2	6	mr-03	0	false	0	true	0	0	3	2	1	0	1353	0	0	0	0	1	37280	0	0	0	0	0	0	0	0	0	0	1284	Disks phase
14		31	2038	1597259986914	1597259986921	7	3	11	mr-07	0	false	0	true	1	0	3	2	0	0	1352	0	0	0	0	1	1792	0	0	0	0	0	0	0	0	0	0	1284	Disks phase
14		31	2039	1597259986915	1597259986921	6	3	4	mr-06	0	false	0	true	0	0	3	2	0	0	1309	0	0	0	0	1	23640	0	0	0	0	0	0	0	0	0	0	1284	Disks phase
14		31	2040	1597259986916	1597259986922	6	4	3	mr-11	0	false	0	true	0	0	2	2	0	0	1309	0	0	0	0	1	6856	0	0	0	0	0	0	0	0	0	0	1284	Disks phase
14		31	2041	1597259986916	1597259986923	7	4	5	mr-09	0	false	0	true	1	0	2	2	0	0	1352	0	0	0	0	1	6312	0	0	0	0	0	0	0	0	0	0	1284	Disks phase
14		31	2104	1597259987014	1597259987020	6	3	11	mr-07	0	false	0	true	0	0	3	2	0	0	1309	0	0	0	0	1	5576	0	0	0	0	0	0	0	0	0	0	1284	Disks phase
14		31	2105	1597259987015	1597259987021	6	3	5	mr-09	0	false	0	true	0	0	3	2	0	0	1310	0	0	0	0	1	31744	0	0	0	0	0	0	0	0	0	0	1284	Disks phase
14		31	2106	1597259987018	1597259987024	6	2	3	mr-11	0	false	0	true	1	0	2	2	1	0	1395	0	0	0	0	1	5024	0	0	0	0	0	0	0	0	0	0	1284	Disks phase
13		29	1900	1597259958026	1597259958122	96	5	5	mr-09	0	false	0	true	87	63	4	3	0	6	1647	0	0	0	0	0	0	0	0	18	23304	182	14	168	0	0	0	1284	Disks phase
13		29	1901	1597259958046	1597259958138	92	5	4	mr-06	0	false	0	true	85	82	2	2	0	0	1607	0	0	0	0	0	0	0	0	0	35642	214	18	196	0	0	0	1284	Disks phase
13		29	1902	1597259958068	1597259958173	105	5	11	mr-07	0	false	0	true	97	95	3	3	0	0	1607	0	0	0	0	0	0	0	0	0	42088	216	18	198	0	0	0	1284	Disks phase
14		31	2007	1597259986889	1597259986898	9	5	12	mr-08	0	false	0	true	1	0	3	3	0	0	1352	0	0	0	0	1	6296	0	0	0	0	0	0	0	0	0	0	1284	Disks phase
14		31	2006	1597259986889	1597259986896	7	4	4	mr-06	0	false	0	true	0	0	3	2	0	0	1309	0	0	0	0	1	712	0	0	0	0	0	0	0	0	0	0	1284	Disks phase
14		31	2008	1597259986890	1597259986897	7	4	2	mr-02	0	false	0	true	0	0	3	2	0	0	1310	0	0	0	0	1	18456	0	0	0	0	0	0	0	0	0	0	1284	Disks phase
14		31	2009	1597259986890	1597259986897	7	4	10	mr-05	0	false	0	true	0	0	3	2	0	0	1309	0	0	0	0	1	128	0	0	0	0	0	0	0	0	0	0	1284	Disks phase
14		31	2067	1597259986956	1597259986961	5	2	3	mr-11	0	false	0	true	0	0	3	2	0	0	1309	0	0	0	0	1	8088	0	0	0	0	0	0	0	0	0	0	1284	Disks phase
14		31	2068	1597259986956	1597259986963	7	4	4	mr-06	0	false	0	true	0	0	3	2	0	0	1309	0	0	0	0	1	9624	0	0	0	0	0	0	0	0	0	0	1284	Disks phase
14		31	2069	1597259986958	1597259986964	6	3	5	mr-09	0	false	0	true	0	0	3	2	0	0	1309	0	0	0	0	1	712	0	0	0	0	0	0	0	0	0	0	1284	Disks phase
14		31	2070	1597259986959	1597259986966	7	4	11	mr-07	0	false	0	true	0	0	3	2	0	0	1309	0	0	0	0	1	2328	0	0	0	0	0	0	0	0	0	0	1284	Disks phase
14		31	2071	1597259986961	1597259986967	6	3	3	mr-11	0	false	0	true	1	0	2	2	0	0	1352	0	0	0	0	1	5080	0	0	0	0	0	0	0	0	0	0	1284	Disks phase
13		29	1841	1597259956863	1597259957086	223	5	4	mr-06	0	false	0	true	215	44	3	2	0	0	1604	0	0	0	0	0	0	0	0	168	24564	182	16	166	0	0	0	1284	Disks phase
13		29	1842	1597259956868	1597259957099	231	4	8	mr-01	0	false	0	true	225	50	2	2	0	9	1647	0	0	0	0	0	0	0	0	164	18888	160	14	146	0	0	0	1284	Disks phase
13		29	1843	1597259956890	1597259957097	207	4	12	mr-08	0	false	0	true	199	58	4	2	0	0	1603	0	0	0	0	0	0	0	0	139	37856	210	20	190	0	0	0	1284	Disks phase
13		29	1844	1597259956898	1597259957096	198	4	9	mr-12	0	false	0	true	191	57	3	2	0	0	1603	0	0	0	0	0	0	0	0	132	29910	206	18	188	0	0	0	1284	Disks phase
13		29	1845	1597259956904	1597259957104	200	5	6	mr-03	0	false	0	true	192	62	3	2	0	0	1603	0	0	0	0	0	0	0	0	129	20142	166	12	154	0	0	0	1284	Disks phase
13		29	1846	1597259956923	1597259957109	186	3	1	mr-04	0	false	0	true	181	72	2	2	0	0	1604	0	0	0	0	0	0	0	0	105	33432	212	16	196	0	0	0	1284	Disks phase
13		29	1906	1597259958138	1597259958180	42	4	4	mr-06	0	false	0	true	34	33	4	2	0	0	1602	0	0	0	0	0	0	0	0	1	10646	98	8	90	0	0	0	1284	Disks phase
13		29	1907	1597259958167	1597259958213	46	4	3	mr-11	0	false	0	true	38	36	3	3	1	0	1647	0	0	0	0	0	0	0	0	0	22562	182	18	164	0	0	0	1284	Disks phase
14		31	1965	1597259986843	1597259986865	22	6	1	mr-04	0	false	0	true	1	1	15	11	0	0	1353	0	0	0	0	1	20536	0	0	0	0	0	0	0	0	0	0	1284	Disks phase
14		31	1963	1597259986843	1597259986867	24	6	3	mr-11	0	false	0	true	0	0	18	13	0	0	1309	0	0	0	0	1	6632	0	0	0	0	0	0	0	0	0	0	1284	Disks phase
14		31	1967	1597259986843	1597259986867	24	6	10	mr-05	0	false	0	true	1	0	17	13	0	0	1352	0	0	0	0	1	12672	0	0	0	0	0	0	0	0	0	0	1284	Disks phase
14		31	1966	1597259986843	1597259986868	25	6	4	mr-06	0	false	0	true	1	0	18	13	0	0	1352	0	0	0	0	1	7832	0	0	0	0	0	0	0	0	0	0	1284	Disks phase
14		31	1964	1597259986843	1597259986871	28	8	9	mr-12	0	false	0	true	2	1	18	14	0	0	1352	0	0	0	0	1	1240	0	0	0	0	0	0	0	0	0	0	1284	Disks phase
14		31	1968	1597259986843	1597259986872	29	9	5	mr-09	0	false	0	true	1	1	19	14	0	0	1352	0	0	0	0	1	13344	0	0	0	0	0	0	0	0	0	0	1284	Disks phase
14		31	2016	1597259986895	1597259986902	7	4	9	mr-12	0	false	0	true	0	0	3	2	0	0	1310	0	0	0	0	1	74136	0	0	0	0	0	0	0	0	0	0	1284	Disks phase
14		31	2019	1597259986896	1597259986902	6	3	2	mr-02	0	false	0	true	1	0	2	2	0	0	1353	0	0	0	0	1	157032	0	0	0	0	0	0	0	0	0	0	1284	Disks phase
14		31	2018	1597259986896	1597259986903	7	4	4	mr-06	0	false	0	true	0	0	3	2	0	0	1309	0	0	0	0	1	4704	0	0	0	0	0	0	0	0	0	0	1284	Disks phase
14		31	2017	1597259986896	1597259986903	7	3	3	mr-11	0	false	0	true	0	0	4	2	0	0	1309	0	0	0	0	1	9472	0	0	0	0	0	0	0	0	0	0	1284	Disks phase
14		31	2020	1597259986897	1597259986904	7	4	10	mr-05	0	false	0	true	1	0	2	2	0	0	1353	0	0	0	0	1	65184	0	0	0	0	0	0	0	0	0	0	1284	Disks phase
14		31	2021	1597259986897	1597259986905	8	4	12	mr-08	0	false	0	true	1	0	3	3	0	0	1353	0	0	0	0	1	33568	0	0	0	0	0	0	0	0	0	0	1284	Disks phase
13		28	1766	1597259955274	1597259955463	189	6	8	mr-01	0	false	0	true	180	176	3	2	0	0	1661	0	0	0	0	460	75592	0	0	0	0	0	0	0	15	22134	484	1284	Disks phase
13		28	1767	1597259955275	1597259955471	196	4	5	mr-09	0	false	0	true	190	188	2	2	0	0	1661	0	0	0	0	470	75632	0	0	0	0	0	0	0	14	23193	497	1284	Disks phase
13		28	1768	1597259955287	1597259955483	196	4	2	mr-02	0	false	0	true	189	188	3	2	0	0	1661	0	0	0	0	460	75592	0	0	0	0	0	0	0	15	23194	503	1284	Disks phase
13		29	1828	1597259956772	1597259956890	118	3	12	mr-08	0	false	0	true	111	101	4	3	0	7	1648	0	0	0	0	0	0	0	0	1	37018	212	20	192	0	0	0	1284	Disks phase
13		29	1829	1597259956792	1597259956858	66	5	11	mr-07	0	false	0	true	58	56	3	2	0	0	1605	0	0	0	0	0	0	0	0	1	29626	196	16	180	0	0	0	1284	Disks phase
13		29	1830	1597259956793	1597259956841	48	4	4	mr-06	0	false	0	true	42	39	2	2	0	0	1603	0	0	0	0	0	0	0	0	0	21326	166	14	152	0	0	0	1284	Disks phase
13		29	1831	1597259956793	1597259956860	67	4	2	mr-02	0	false	0	true	60	57	3	2	0	0	1604	0	0	0	0	0	0	0	0	1	34606	208	18	190	0	0	0	1284	Disks phase
13		29	1890	1597259957794	1597259957896	102	5	5	mr-09	0	false	0	true	95	92	2	3	0	0	1604	0	0	0	0	0	0	0	0	1	61672	216	16	200	0	0	0	1284	Disks phase
13		29	1891	1597259957848	1597259957907	59	4	3	mr-11	0	false	0	true	52	49	3	2	0	0	1604	0	0	0	0	0	0	0	0	0	44184	214	20	194	0	0	0	1284	Disks phase
13		29	1946	1597259958875	1597259958925	50	5	5	mr-09	0	false	0	true	42	41	3	3	0	0	1604	0	0	0	0	0	0	0	0	0	19890	158	14	144	0	0	0	1284	Disks phase
13		29	1947	1597259958883	1597259958941	58	4	6	mr-03	0	false	0	true	51	48	3	2	0	0	1607	0	0	0	0	0	0	0	0	0	21132	162	10	152	0	0	0	1284	Disks phase
13		29	1948	1597259958885	1597259958944	59	4	11	mr-07	0	false	0	true	53	50	2	2	0	0	1607	0	0	0	0	0	0	0	0	0	31086	198	16	182	0	0	0	1284	Disks phase
14		31	1994	1597259986880	1597259986889	9	6	3	mr-11	0	false	0	true	0	0	3	2	0	0	1309	0	0	0	0	1	1240	0	0	0	0	0	0	0	0	0	0	1284	Disks phase
14		31	1993	1597259986880	1597259986890	10	6	12	mr-08	0	false	0	true	0	0	4	3	0	0	1309	0	0	0	0	1	16824	0	0	0	0	0	0	0	0	0	0	1284	Disks phase
14		31	2053	1597259986934	1597259986941	7	4	11	mr-07	0	false	0	true	1	0	2	2	0	0	1353	0	0	0	0	1	30728	0	0	0	0	0	0	0	0	0	0	1284	Disks phase
14		31	2054	1597259986935	1597259986940	5	2	5	mr-09	0	false	0	true	1	0	2	2	0	0	1353	0	0	0	0	1	32824	0	0	0	0	0	0	0	0	0	0	1284	Disks phase
14		31	2055	1597259986936	1597259986942	6	3	4	mr-06	0	false	0	true	0	0	3	2	0	0	1310	0	0	0	0	1	19008	0	0	0	0	0	0	0	0	0	0	1284	Disks phase
14		31	2112	1597259987038	1597259987044	6	3	11	mr-07	0	false	0	true	1	0	2	2	0	0	1352	0	0	0	0	1	13064	0	0	0	0	0	0	0	0	0	0	1284	Disks phase
14		31	2113	1597259987044	1597259987050	6	3	11	mr-07	0	false	0	true	0	0	2	2	1	0	1352	0	0	0	0	1	10232	0	0	0	0	0	0	0	0	0	0	1284	Disks phase
14		31	2114	1597259987049	1597259987056	7	4	11	mr-07	0	false	0	true	0	0	3	2	0	0	1310	0	0	0	0	1	18648	0	0	0	0	0	0	0	0	0	0	1284	Disks phase
14		31	2115	1597259987055	1597259987062	7	4	11	mr-07	0	false	0	true	0	0	3	2	0	0	1309	0	0	0	0	1	9624	0	0	0	0	0	0	0	0	0	0	1284	Disks phase
14		31	2116	1597259987061	1597259987067	6	3	11	mr-07	0	false	0	true	0	0	3	2	0	0	1310	0	0	0	0	1	45080	0	0	0	0	0	0	0	0	0	0	1284	Disks phase
13		29	1817	1597259956617	1597259956736	119	4	11	mr-07	0	false	0	true	112	64	3	2	0	0	1604	0	0	0	0	0	0	0	0	45	24962	186	14	172	0	0	0	1284	Disks phase
13		29	1818	1597259956622	1597259956726	104	6	7	mr-10	0	false	0	true	95	51	3	2	0	0	1601	0	0	0	0	0	0	0	0	43	10590	104	12	92	0	0	0	1284	Disks phase
13		29	1819	1597259956645	1597259956746	101	3	1	mr-04	0	false	0	true	94	76	4	2	0	0	1603	0	0	0	0	0	0	0	0	17	31374	206	12	194	0	0	0	1284	Disks phase
13		29	1876	1597259957283	1597259957391	108	5	11	mr-07	0	false	0	true	99	95	4	2	0	0	1604	0	0	0	0	0	0	0	0	1	50188	216	18	198	0	0	0	1284	Disks phase
13		29	1877	1597259957321	1597259957400	79	4	5	mr-09	0	false	0	true	72	69	3	2	0	0	1604	0	0	0	0	0	0	0	0	0	46824	216	16	200	0	0	0	1284	Disks phase
13		29	1878	1597259957340	1597259957419	79	4	3	mr-11	0	false	0	true	73	69	2	2	0	0	1603	0	0	0	0	0	0	0	0	0	38074	216	20	196	0	0	0	1284	Disks phase
13		29	1879	1597259957390	1597259957478	88	5	11	mr-07	0	false	0	true	79	77	4	3	0	0	1604	0	0	0	0	0	0	0	0	1	38582	212	16	196	0	0	0	1284	Disks phase
13		29	1880	1597259957400	1597259957461	61	5	5	mr-09	0	false	0	true	54	50	2	2	0	0	1603	0	0	0	0	0	0	0	0	1	36850	208	16	192	0	0	0	1284	Disks phase
13		29	1881	1597259957419	1597259957488	69	4	3	mr-11	0	false	0	true	62	60	3	2	0	0	1604	0	0	0	0	0	0	0	0	0	22340	182	16	166	0	0	0	1284	Disks phase
13		29	1935	1597259958736	1597259958785	49	5	11	mr-07	0	false	0	true	41	40	3	2	0	0	1604	0	0	0	0	0	0	0	0	0	23132	178	12	166	0	0	0	1284	Disks phase
13		29	1936	1597259958738	1597259958787	49	3	4	mr-06	0	false	0	true	43	41	3	2	0	0	1605	0	0	0	0	0	0	0	0	1	29916	194	16	178	0	0	0	1284	Disks phase
13		29	1937	1597259958759	1597259958794	35	4	3	mr-11	0	false	0	true	27	26	4	2	0	0	1603	0	0	0	0	0	0	0	0	1	15304	138	12	126	0	0	0	1284	Disks phase
13		29	1938	1597259958771	1597259958875	104	4	5	mr-09	0	false	0	true	97	95	3	2	0	0	1607	0	0	0	0	0	0	0	0	0	56728	216	16	200	0	0	0	1284	Disks phase
13		29	1939	1597259958782	1597259958883	101	3	6	mr-03	0	false	0	true	94	91	4	3	0	0	1605	0	0	0	0	0	0	0	0	0	67504	216	18	198	0	0	0	1284	Disks phase
13		29	1940	1597259958785	1597259958839	54	3	11	mr-07	0	false	0	true	46	44	5	3	0	0	1605	0	0	0	0	0	0	0	0	0	27810	194	16	178	0	0	0	1284	Disks phase
13		29	1941	1597259958787	1597259958850	63	6	4	mr-06	0	false	0	true	53	52	4	2	0	0	1607	0	0	0	0	0	0	0	0	0	34180	212	18	194	0	0	0	1284	Disks phase
13		29	1942	1597259958793	1597259958849	56	5	3	mr-11	0	false	0	true	48	40	3	2	0	7	1647	0	0	0	0	0	0	0	0	0	22616	182	16	166	0	0	0	1284	Disks phase
14		31	1987	1597259986877	1597259986886	9	4	11	mr-07	0	false	0	true	1	0	4	3	0	0	1352	0	0	0	0	1	15008	0	0	0	0	0	0	0	0	0	0	1284	Disks phase
14		31	1986	1597259986877	1597259986884	7	4	5	mr-09	0	false	0	true	1	0	2	2	0	0	1352	0	0	0	0	1	5200	0	0	0	0	0	0	0	0	0	0	1284	Disks phase
14		31	1988	1597259986878	1597259986884	6	3	8	mr-01	0	false	0	true	0	0	3	2	0	0	1309	0	0	0	0	1	1240	0	0	0	0	0	0	0	0	0	0	1284	Disks phase
14		31	1989	1597259986878	1597259986889	11	7	9	mr-12	0	false	0	true	1	0	3	3	0	0	1352	0	0	0	0	1	4432	0	0	0	0	0	0	0	0	0	0	1284	Disks phase
13		29	1863	1597259957157	1597259958782	1625	3	6	mr-03	0	false	0	true	1618	1433	4	2	0	181	1650	0	0	0	0	0	0	0	0	0	20028	172	16	156	0	0	0	1284	Disks phase
13		29	1864	1597259957174	1597259960145	2971	4	1	mr-04	0	false	0	true	2963	2959	4	2	0	0	1610	0	0	0	0	0	0	0	0	0	30336	200	14	186	0	0	0	1284	Disks phase
13		29	1865	1597259957175	1597259967745	10570	4	10	mr-05	0	false	0	true	10563	10298	3	2	0	260	1653	0	0	0	0	0	0	0	0	1	42904	216	16	200	0	0	0	1284	Disks phase
13		29	1872	1597259957210	1597259957280	70	5	3	mr-11	0	false	0	true	62	58	3	4	0	0	1602	0	0	0	0	0	0	0	0	0	21398	176	14	162	0	0	0	1284	Disks phase
13		29	1873	1597259957242	1597259957283	41	4	11	mr-07	0	false	0	true	35	32	2	2	0	0	1602	0	0	0	0	0	0	0	0	0	11670	110	8	102	0	0	0	1284	Disks phase
13		29	1874	1597259957245	1597259957322	77	4	5	mr-09	0	false	0	true	70	67	2	2	1	0	1647	0	0	0	0	0	0	0	0	0	44268	214	16	198	0	0	0	1284	Disks phase
13		29	1875	1597259957280	1597259957340	60	3	3	mr-11	0	false	0	true	52	50	4	3	1	0	1645	0	0	0	0	0	0	0	0	0	20744	166	16	150	0	0	0	1284	Disks phase
13		29	1930	1597259958687	1597259958738	51	4	4	mr-06	0	false	0	true	45	42	2	2	0	0	1604	0	0	0	0	0	0	0	0	0	23014	180	14	166	0	0	0	1284	Disks phase
13		29	1931	1597259958689	1597259958731	42	3	5	mr-09	0	false	0	true	35	33	4	3	0	0	1604	0	0	0	0	0	0	0	0	0	20016	168	10	158	0	0	0	1284	Disks phase
13		29	1932	1597259958694	1597259958737	43	4	11	mr-07	0	false	0	true	36	34	3	3	0	0	1604	0	0	0	0	0	0	0	0	0	19268	158	14	144	0	0	0	1284	Disks phase
13		29	1933	1597259958726	1597259958759	33	3	3	mr-11	0	false	0	true	28	25	2	2	0	0	1603	0	0	0	0	0	0	0	0	0	6822	68	2	66	0	0	0	1284	Disks phase
13		29	1934	1597259958731	1597259958771	40	4	5	mr-09	0	false	0	true	33	31	3	2	0	0	1604	0	0	0	0	0	0	0	0	0	18284	166	12	154	0	0	0	1284	Disks phase
14		31	1981	1597259986872	1597259986880	8	4	1	mr-04	0	false	0	true	0	0	4	2	0	0	1309	0	0	0	0	1	15072	0	0	0	0	0	0	0	0	0	0	1284	Disks phase
14		31	1982	1597259986873	1597259986881	8	4	3	mr-11	0	false	0	true	1	0	3	3	0	0	1352	0	0	0	0	1	128	0	0	0	0	0	0	0	0	0	0	1284	Disks phase
14		31	1983	1597259986874	1597259986881	7	3	4	mr-06	0	false	0	true	0	0	4	2	0	0	1309	0	0	0	0	1	1504	0	0	0	0	0	0	0	0	0	0	1284	Disks phase
14		31	1985	1597259986875	1597259986882	7	4	2	mr-02	0	false	0	true	1	0	2	2	0	0	1352	0	0	0	0	1	2864	0	0	0	0	0	0	0	0	0	0	1284	Disks phase
14		31	1984	1597259986875	1597259986882	7	3	10	mr-05	0	false	0	true	1	0	3	2	0	0	1352	0	0	0	0	1	4952	0	0	0	0	0	0	0	0	0	0	1284	Disks phase
14		31	2042	1597259986918	1597259986925	7	3	6	mr-03	0	false	0	true	1	0	3	2	0	0	1352	0	0	0	0	1	12280	0	0	0	0	0	0	0	0	0	0	1284	Disks phase
14		31	2043	1597259986920	1597259986929	9	6	4	mr-06	0	false	0	true	0	0	3	2	0	0	1310	0	0	0	0	1	19280	0	0	0	0	0	0	0	0	0	0	1284	Disks phase
14		31	2045	1597259986921	1597259986927	6	3	3	mr-11	0	false	0	true	1	0	2	2	0	0	1352	0	0	0	0	1	8984	0	0	0	0	0	0	0	0	0	0	1284	Disks phase
14		31	2044	1597259986921	1597259986928	7	3	11	mr-07	0	false	0	true	1	0	2	2	1	0	1395	0	0	0	0	1	16264	0	0	0	0	0	0	0	0	0	0	1284	Disks phase
14		31	2046	1597259986922	1597259986929	7	5	5	mr-09	0	false	0	true	0	0	2	2	0	0	1309	0	0	0	0	1	4968	0	0	0	0	0	0	0	0	0	0	1284	Disks phase
14		31	2047	1597259986924	1597259986931	7	4	6	mr-03	0	false	0	true	0	0	3	2	0	0	1309	0	0	0	0	1	11384	0	0	0	0	0	0	0	0	0	0	1284	Disks phase
14		31	2096	1597259986999	1597259987004	5	3	5	mr-09	0	false	0	true	0	0	2	2	0	0	1309	0	0	0	0	1	2064	0	0	0	0	0	0	0	0	0	0	1284	Disks phase
14		31	2097	1597259987001	1597259987008	7	3	11	mr-07	0	false	0	true	0	0	4	3	0	0	1309	0	0	0	0	1	14304	0	0	0	0	0	0	0	0	0	0	1284	Disks phase
14		31	2098	1597259987002	1597259987008	6	4	3	mr-11	0	false	0	true	0	0	2	2	0	0	1309	0	0	0	0	1	1024	0	0	0	0	0	0	0	0	0	0	1284	Disks phase
14		31	2099	1597259987004	1597259987010	6	3	5	mr-09	0	false	0	true	0	0	3	2	0	0	1310	0	0	0	0	1	48008	0	0	0	0	0	0	0	0	0	0	1284	Disks phase
14		31	2100	1597259987007	1597259987013	6	3	3	mr-11	0	false	0	true	1	0	2	2	0	0	1352	0	0	0	0	1	984	0	0	0	0	0	0	0	0	0	0	1284	Disks phase
14		31	2101	1597259987008	1597259987015	7	4	11	mr-07	0	false	0	true	0	0	3	2	0	0	1309	0	0	0	0	1	12104	0	0	0	0	0	0	0	0	0	0	1284	Disks phase
14		31	2102	1597259987010	1597259987016	6	2	5	mr-09	0	false	0	true	1	0	2	2	1	0	1395	0	0	0	0	1	6328	0	0	0	0	0	0	0	0	0	0	1284	Disks phase
14		31	2103	1597259987013	1597259987018	5	2	3	mr-11	0	false	0	true	0	0	3	2	0	0	1309	0	0	0	0	1	7472	0	0	0	0	0	0	0	0	0	0	1284	Disks phase
14		31	2022	1597259986898	1597259986905	7	3	5	mr-09	0	false	0	true	0	0	3	2	1	0	1352	0	0	0	0	1	2056	0	0	0	0	0	0	0	0	0	0	1284	Disks phase
14		31	2023	1597259986899	1597259986906	7	3	6	mr-03	0	false	0	true	0	0	4	3	0	0	1309	0	0	0	0	1	2560	0	0	0	0	0	0	0	0	0	0	1284	Disks phase
14		31	2024	1597259986899	1597259986907	8	5	1	mr-04	0	false	0	true	0	0	3	2	0	0	1310	0	0	0	0	1	35064	0	0	0	0	0	0	0	0	0	0	1284	Disks phase
14		31	2072	1597259986963	1597259986969	6	2	4	mr-06	0	false	0	true	1	0	3	2	0	0	1353	0	0	0	0	1	25048	0	0	0	0	0	0	0	0	0	0	1284	Disks phase
14		31	2073	1597259986964	1597259986970	6	3	5	mr-09	0	false	0	true	1	0	2	2	0	0	1352	0	0	0	0	1	8816	0	0	0	0	0	0	0	0	0	0	1284	Disks phase
14		31	2074	1597259986966	1597259986972	6	3	11	mr-07	0	false	0	true	0	0	3	2	0	0	1309	0	0	0	0	1	15880	0	0	0	0	0	0	0	0	0	0	1284	Disks phase
14		31	2075	1597259986967	1597259986973	6	3	3	mr-11	0	false	0	true	0	0	3	2	0	0	1309	0	0	0	0	1	10960	0	0	0	0	0	0	0	0	0	0	1284	Disks phase
14		31	2076	1597259986969	1597259986975	6	3	4	mr-06	0	false	0	true	1	0	2	2	0	0	1352	0	0	0	0	1	7528	0	0	0	0	0	0	0	0	0	0	1284	Disks phase
14		31	1991	1597259986879	1597259986887	8	4	6	mr-03	0	false	0	true	1	0	3	2	0	0	1352	0	0	0	0	1	8120	0	0	0	0	0	0	0	0	0	0	1284	Disks phase
14		31	1992	1597259986879	1597259986887	8	4	1	mr-04	0	false	0	true	1	0	3	2	0	0	1352	0	0	0	0	1	15064	0	0	0	0	0	0	0	0	0	0	1284	Disks phase
14		31	1990	1597259986879	1597259986887	8	4	7	mr-10	0	false	0	true	2	0	2	3	0	0	1352	0	0	0	0	1	6320	0	0	0	0	0	0	0	0	0	0	1284	Disks phase
14		31	2048	1597259986927	1597259986933	6	4	3	mr-11	0	false	0	true	0	0	2	2	0	0	1309	0	0	0	0	1	4424	0	0	0	0	0	0	0	0	0	0	1284	Disks phase
14		31	2049	1597259986927	1597259986934	7	3	11	mr-07	0	false	0	true	1	0	3	2	0	0	1352	0	0	0	0	1	6016	0	0	0	0	0	0	0	0	0	0	1284	Disks phase
14		31	2050	1597259986928	1597259986937	9	4	4	mr-06	0	false	0	true	1	0	4	3	0	0	1352	0	0	0	0	1	984	0	0	0	0	0	0	0	0	0	0	1284	Disks phase
14		31	2051	1597259986929	1597259986935	6	3	5	mr-09	0	false	0	true	1	0	2	2	0	0	1353	0	0	0	0	1	33480	0	0	0	0	0	0	0	0	0	0	1284	Disks phase
14		31	2052	1597259986932	1597259986938	6	3	3	mr-11	0	false	0	true	1	0	2	2	0	0	1352	0	0	0	0	1	5240	0	0	0	0	0	0	0	0	0	0	1284	Disks phase
14		31	2107	1597259987020	1597259987026	6	3	11	mr-07	0	false	0	true	1	0	2	2	0	0	1352	0	0	0	0	1	6888	0	0	0	0	0	0	0	0	0	0	1284	Disks phase
14		31	2108	1597259987024	1597259987029	5	2	3	mr-11	0	false	0	true	0	0	3	2	0	0	1309	0	0	0	0	1	5920	0	0	0	0	0	0	0	0	0	0	1284	Disks phase
14		31	2109	1597259987026	1597259987032	6	3	11	mr-07	0	false	0	true	1	0	2	2	0	0	1352	0	0	0	0	1	3960	0	0	0	0	0	0	0	0	0	0	1284	Disks phase
14		31	2110	1597259987029	1597259987035	6	4	3	mr-11	0	false	0	true	0	0	2	2	0	0	1310	0	0	0	0	1	19072	0	0	0	0	0	0	0	0	0	0	1284	Disks phase
14		31	2111	1597259987032	1597259987038	6	3	11	mr-07	0	false	0	true	1	0	2	2	0	0	1352	0	0	0	0	1	5536	0	0	0	0	0	0	0	0	0	0	1284	Disks phase
