5901293	0.0	4670.939	320
4586120	2.846	4621.128	320
12870268	6.276	4414.804	320
17701651	8.904	852.502	320
4793870	16.906	4634.963	320
5247901	18.319	3667.157	320
13079672	23.624	4497.626	320
17341299	29.225	4611.754	320
8686710	31.956	4338.323	320
11779360	32.315	917.674	320
6633304	32.8	1696.909	320
4564848	32.965	3609.445	320
10560463	38.183	2051.629	320
2830731	40.252	4674.291	320
3864502	51.463	4693.678	320
3749102	51.473	638.217	320
15797926	60.869	926.93	320
5495710	61.886	3707.106	320
8642156	63.918	328.826	320
14891031	69.66	4828.188	320
13753613	70.303	677.0	320
4098177	76.818	829.062	320
13806454	81.107	591.344	320
5483585	84.89	1960.35	320
2577999	87.525	2026.011	320
7610988	88.955	676.294	320
15867951	91.202	604.966	320
11839736	96.222	620.595	320
6438439	96.765	1643.749	320
4380084	97.2	4971.996	320
14231408	101.084	1291.226	320
6788636	124.685	3075.707	320
10254207	141.346	648.118	320
6857294	142.706	4929.747	320
4947464	145.713	1090.47	320
6906312	164.612	344.915	320
4034422	165.658	1605.998	320
8776646	169.981	738.126	320
3255393	177.276	4995.783	320
2446307	181.256	312.157	320
2708577	182.069	1164.267	320
89903	194.764	4843.781	320
10821636	194.96	1190.195	320
15175548	195.967	2004.369	320
1954963	196.7	2001.706	320
18206308	199.084	314.226	320
15526912	199.295	4632.463	320
13284433	204.186	367.902	320
9160381	206.829	1213.464	320
9531825	207.231	4416.146	320
6037029	208.725	3562.812	320
5369486	210.289	4680.025	320
643886	218.393	3723.186	320
2033431	222.801	3798.493	320
4141231	232.417	441.383	320
1871212	234.249	5006.531	320
3729846	234.305	3437.303	320
3623907	240.599	1546.494	320
1985294	241.908	0.0	320
5412659	245.024	593.432	320
6045791	257.289	2053.932	320
9976568	269.283	3778.317	320
11785968	271.861	576.625	320
480100	276.853	3778.411	320
5977003	323.222	411.351	320
6591792	325.627	3273.718	320
2078534	339.389	240.939	320
5154026	357.891	3294.836	320
1211410	370.29	224.013	320
657495	377.142	3317.645	320
9508847	379.466	1239.717	320
1232396	393.86	1016.731	320
9048594	398.106	2364.882	320
18725926	411.346	1468.04	320
7619816	415.319	3776.564	320
11411661	417.61	198.178	320
7688373	422.306	2412.86	320
3998321	423.308	228.781	320
12788790	430.909	1462.452	320
7497618	436.003	249.053	320
5967284	439.517	3259.167	320
9849179	442.276	3776.95	320
10341973	444.683	4303.053	320
9889783	453.288	3528.126	320
3620108	457.697	3037.948	320
11461671	478.207	162.221	320
6445088	487.176	3269.937	320
307141	490.274	1196.444	320
9216334	493.612	153.981	320
5743925	502.99	1446.327	320
7717669	506.778	3021.871	320
6144344	511.76	3413.863	320
6587247	514.278	3688.614	320
14157280	515.38	403.734	320
7347404	524.606	968.868	320
5788663	539.115	4303.519	320
1806571	548.778	4990.556	320
14016556	554.17	362.167	320
5305017	561.619	3198.456	320
6450140	563.643	1045.877	320
1006529	567.059	3458.448	320
4989458	575.882	1069.478	320
3335884	577.695	3818.704	320
5064879	583.225	3287.593	320
1947958	595.82	1110.034	320
2828308	596.342	3511.075	320
9335040	599.266	552.194	320
11432643	628.514	2960.829	320
8801672	637.687	3064.745	320
3691098	648.625	2337.177	320
146568	648.679	3508.192	320
12060492	652.67	2240.555	320
8636773	652.743	3509.182	320
6971647	654.326	1488.714	320
7068978	655.342	2942.914	320
3388918	657.124	3661.248	320
19156645	659.885	307.149	320
1275478	662.316	3055.043	320
7646346	678.586	2932.772	320
503798	686.664	2734.313	320
826429	704.1	2948.691	320
1076653	710.096	3034.977	320
694879	717.734	2979.056	320
9612830	721.119	2300.754	320
15614104	725.074	479.831	320
1517315	730.525	1144.915	320
6338485	768.92	1180.33	320
4669825	779.716	1531.601	320
17378302	786.254	1212.24	320
529865	796.599	4853.38	320
2196884	799.57	4773.065	320
15973500	805.594	3719.506	320
11083962	809.9	3881.223	320
958140	812.063	3855.928	320
2124149	860.807	204.681	320
5675624	871.904	836.255	320
1556297	886.223	4763.568	320
1517846	886.304	1056.518	320
11393249	889.156	293.25	320
12006216	890.63	1496.209	320
12466436	896.633	4307.542	320
13188134	910.787	3742.249	320
1166099	912.568	4916.144	320
534689	914.27	1943.624	320
9613252	915.83	1268.764	320
9134146	915.877	4016.44	320
1699698	915.963	4861.673	320
6131333	919.508	814.748	320
5068691	922.718	4690.838	320
5725372	923.391	1174.575	320
1519200	927.225	4147.417	320
16456785	929.987	1730.397	320
13933418	937.146	2246.064	320
10032282	941.103	1255.401	320
8343672	948.845	1024.887	320
15982769	970.671	144.999	320
11863894	973.076	1804.738	320
12704708	976.084	4563.61	320
603034	979.304	4558.501	320
10897020	985.685	529.317	320
6980848	1002.62	1758.865	320
1909990	1003.566	18.922	320
3980240	1010.116	1766.836	320
9762217	1011.789	155.563	320
1599806	1012.98	1767.829	320
8511100	1015.219	2767.02	320
10887099	1019.592	4309.729	320
4084537	1032.662	1640.338	320
16586200	1038.908	4456.218	320
7265649	1040.87	4332.757	320
11890721	1040.878	4336.639	320
6849168	1043.439	1402.718	320
9222225	1048.08	1953.997	320
9168840	1048.304	1478.469	320
2429077	1062.904	1438.728	320
9658076	1067.962	2644.674	320
4711847	1068.695	1876.308	320
1624108	1097.945	423.266	320
6772894	1105.209	1175.199	320
3065827	1117.52	828.872	320
5047897	1120.412	4500.088	320
3137560	1122.593	1548.531	320
968482	1123.209	1669.325	320
10570110	1125.2	1288.078	320
5642955	1126.699	4504.844	320
6202331	1129.136	2761.684	320
4527721	1129.295	4690.968	320
5717966	1137.46	1368.029	320
3949234	1143.64	1364.799	320
286346	1146.832	2023.898	320
4611073	1150.227	4364.479	320
11542897	1156.117	1641.971	320
12648244	1160.68	4329.849	320
8695222	1162.25	4466.171	320
6963855	1169.359	4692.883	320
14669111	1172.71	3439.446	320
10173494	1180.786	2193.208	320
484400	1181.34	1558.838	320
528923	1184.771	2064.529	320
5720086	1185.449	358.308	320
2388559	1191.851	3409.457	320
12871663	1208.562	2140.574	320
5143907	1208.687	2111.29	320
3367152	1213.841	650.754	320
2133784	1224.721	1732.344	320
4152443	1239.367	2351.265	320
8114316	1245.862	2321.636	320
7555781	1251.96	3187.6	320
9364006	1261.861	1652.404	320
1448519	1268.723	2258.474	320
2876441	1273.43	755.012	320
10174224	1276.502	1769.176	320
4748807	1290.921	682.766	320
11021192	1294.287	1706.025	320
13760768	1301.075	2185.31	320
550864	1316.204	1631.44	320
2796752	1317.922	1750.457	320
2116710	1317.941	1486.128	320
4238436	1329.112	1393.817	320
2879664	1341.532	1416.864	320
2163710	1350.85	3560.988	320
2334088	1366.893	4694.478	320
5379640	1373.442	3548.298	320
12839243	1379.523	4640.877	320
16630075	1392.709	1382.152	320
4101005	1408.933	4073.336	320
13416150	1423.789	4712.444	320
8667090	1423.982	541.292	320
15465652	1444.08	1994.899	320
13208792	1450.472	3383.976	320
11845052	1454.563	2020.058	320
1793680	1456.122	1416.966	320
13016757	1457.433	3172.654	320
12474929	1470.552	969.584	320
13724936	1483.228	2777.605	320
8756062	1483.888	1955.664	320
7094038	1487.306	2785.251	320
8168255	1487.33	4086.156	320
7857263	1491.43	1158.333	320
824397	1494.578	241.103	320
10282506	1508.991	2825.916	320
6719198	1522.133	2150.035	320
221861	1532.147	2125.057	320
4199000	1543.588	1151.129	320
1984735	1543.971	4713.534	320
15339101	1568.179	1581.795	320
15425464	1577.918	4703.04	320
209532	1590.427	421.938	320
996225	1591.419	687.708	320
5087249	1610.832	2.386	320
13912336	1611.847	2227.613	320
10462280	1616.314	436.861	320
12330060	1648.645	2439.07	320
16579262	1661.371	665.051	320
5853989	1666.969	1484.651	320
19224058	1669.889	4814.334	320
5657623	1728.413	1271.446	320
13693871	1732.368	4715.711	320
6461659	1746.943	1349.721	320
6215307	1748.454	3048.173	320
14178067	1761.001	4631.907	320
6343890	1764.366	914.757	320
10142043	1773.943	2023.748	320
9686593	1780.47	4581.177	320
7496139	1781.464	266.932	320
15065559	1781.715	2873.625	320
2191721	1783.46	342.578	320
11228375	1783.717	800.468	320
3247356	1788.415	373.072	320
15727225	1791.444	2891.465	320
357145	1798.321	4552.745	320
12727098	1806.328	2761.212	320
3937344	1822.151	3435.593	320
2890596	1826.606	352.476	320
9367897	1851.706	2973.318	320
16394134	1852.284	3407.692	320
416631	1860.539	1454.653	320
3225779	1866.493	2840.292	320
2539558	1867.055	2092.115	320
6128228	1881.944	2762.616	320
13843537	1884.269	2959.611	320
5230597	1887.342	2784.679	320
11752844	1892.271	2850.447	320
17308569	1892.92	2851.665	320
12170758	1893.024	2951.94	320
9585391	1893.118	316.739	320
14512948	1893.733	630.317	320
14082409	1895.322	2805.628	320
12865308	1896.585	2790.54	320
5514169	1897.516	2794.198	320
14051397	1897.866	524.489	320
6097156	1900.13	2762.136	320
100973	1900.381	2842.777	320
15266915	1901.361	2824.916	320
17421900	1901.94	2837.339	320
5869349	1902.379	2826.024	320
16009434	1902.462	2821.365	320
5869417	1904.7	2879.928	320
15831228	1904.768	2773.22	320
6398985	1905.987	2876.708	320
9650915	1906.423	2816.587	320
4274817	1907.118	2888.797	320
9287862	1907.562	2879.589	320
16919346	1908.631	2765.891	320
4745034	1908.986	2805.268	320
3182682	1909.41	2880.695	320
17344404	1909.738	2812.255	320
12908579	1910.389	2767.773	320
11454211	1910.756	2766.442	320
10235156	1910.757	2767.107	320
12812591	1912.675	2803.264	320
15738020	1913.684	2800.156	320
5144571	1915.543	402.771	320
5094684	1916.244	2881.569	320
12029261	1916.559	2854.059	320
16592784	1916.741	2852.506	320
13751869	1917.359	2791.054	320
12760627	1917.424	2777.188	320
12363157	1917.451	2790.61	320
2355833	1917.61	2777.742	320
12662016	1917.634	2790.166	320
6182021	1917.822	2791.607	320
4196052	1917.982	1082.282	320
12701632	1918.093	2788.612	320
2321934	1918.181	2880.456	320
2392649	1918.285	2792.494	320
15228855	1919.231	2851.281	320
4879142	1919.384	2788.055	320
11944581	1919.599	2897.646	320
1521938	1920.125	2788.941	320
9619974	1921.233	2789.16	320
10761051	1921.583	2779.509	320
4210079	1922.391	2060.282	320
9901895	1922.434	2789.491	320
10826280	1922.781	2778.398	320
8872751	1924.189	2789.931	320
5864014	1924.645	2787.157	320
8764512	1924.832	2788.488	320
8080734	1925.29	2786.712	320
1578100	1925.325	2851.269	320
9690397	1925.46	2779.169	320
5994501	1925.475	2786.933	320
5880393	1926.212	2785.712	320
8219345	1926.478	2780.276	320
6969192	1926.569	2779.61	320
4443519	1926.582	2786.488	320
5792975	1926.954	2787.374	320
2842887	1927.311	2781.162	320
4813560	1927.508	2787.484	320
7038522	1927.585	2779.941	320
4050958	1928.061	2787.039	320
4054810	1928.648	2851.041	320
13892365	1928.917	2847.38	320
5135752	1929.805	2781.933	320
3809560	1929.816	2787.701	320
5744539	1929.988	2781.378	320
4241374	1930.184	2787.146	320
4136499	1930.267	2782.154	320
5061367	1930.635	2781.488	320
2648251	1930.646	2787.256	320
10656762	1930.726	2922.249	320
3265409	1930.741	2788.698	320
5888174	1930.821	2782.264	320
4082867	1930.998	2919.808	320
5756251	1931.28	2781.043	320
3983197	1931.296	2788.919	320
4779564	1931.672	2839.388	320
3770910	1931.745	2782.595	320
1524104	1932.299	2782.705	320
6138757	1933.408	2783.147	320
1748494	1934.707	2786.583	320
3501238	1935.179	2933.222	320
8830969	1935.737	2840.822	320
7956199	1935.845	2943.647	320
7828669	1936.908	2779.146	320
3474510	1937.283	2781.808	320
6714971	1937.738	2778.257	320
5140274	1938.384	2778.478	320
13452730	1938.776	2931.44	320
14114820	1939.201	2771.488	320
13310303	1939.239	2885.295	320
11086164	1939.367	2950.518	320
10681439	1939.577	2774.482	320
9523304	1939.698	2930.884	320
10620919	1940.494	2771.375	320
6912961	1940.791	2876.197	320
5673136	1941.059	2777.031	320
6574447	1941.255	2877.416	320
10184966	1941.304	2053.146	320
18353245	1941.463	2842.031	320
3978181	1941.893	2873.199	320
802181	1941.896	2874.863	320
84525	1941.916	2931.989	320
5260271	1942.542	2874.529	320
8354053	1943.22	2843.359	320
4016310	1943.395	2886.064	320
5429856	1943.93	2876.301	320
635468	1944.041	2885.84	320
4117913	1944.128	2882.734	320
3310536	1944.498	2883.288	320
4292413	1944.59	2883.177	320
3219714	1944.605	2843.8	320
5494680	1944.86	2879.516	320
14377743	1945.303	2775.913	320
3229308	1946.224	2963.593	320
14132391	1948.115	2844.347	320
12085526	1948.276	2879.621	320
15132203	1948.636	2780.566	320
2798670	1949.133	2846.009	320
4265729	1949.167	2768.585	320
966886	1949.532	2152.85	320
3010627	1949.772	2889.49	320
3212880	1949.807	2765.7	320
11343410	1949.838	2970.463	320
18581927	1949.99	2764.59	320
5720390	1949.99	2764.701	320
2098395	1950.067	2898.585	320
3257732	1950.07	2899.916	320
3101800	1950.265	2763.591	320
2150726	1950.336	2894.591	320
7922420	1950.426	2845.896	320
8644527	1950.435	2897.919	320
11127217	1950.447	2904.13	320
7164981	1950.522	2895.256	320
465416	1950.614	2895.145	320
7313565	1950.632	2904.019	320
6996959	1950.713	2898.362	320
2415101	1951.069	2891.706	320
16844552	1951.075	2894.812	320
9808562	1951.179	2900.69	320
647207	1951.269	2899.47	320
3460262	1951.44	2892.37	320
999796	1951.443	2846.892	320
16335723	1951.722	2895.254	320
5397362	1951.732	2900.356	320
683062	1951.81	2892.813	320
1797998	1951.993	2891.926	320
630868	1951.993	2892.037	320
10395608	1952.276	2895.031	320
8456363	1952.526	2975.672	320
1835703	1953.498	2906.454	320
3466516	1953.684	2906.897	320
3853885	1954.33	2906.674	320
1737721	1954.605	2905.786	320
7227052	1955.439	2907.337	320
2752871	1955.598	2846.884	320
4966008	1955.693	2848.326	320
11448063	1955.813	2909.555	320
3495054	1956.313	2834.903	320
11997668	1956.534	2900.569	320
14037872	1956.627	2901.123	320
15586521	1956.709	2848.656	320
13044329	1956.922	2910.218	320
9815596	1957.076	2847.436	320
3904938	1957.326	2833.792	320
9402907	1957.353	2847.324	320
16254085	1957.723	2847.656	320
13713492	1957.724	2848.211	320
13803609	1958.002	2848.654	320
9908520	1958.261	2839.891	320
6304832	1958.266	2842.109	320
9196703	1958.445	2839.446	320
6017372	1958.465	2849.651	320
13160677	1958.649	2849.318	320
2948157	1958.792	2828.021	320
10428121	1958.912	2842.219	320
1250344	1958.98	2829.795	320
4691491	1959.087	2837.227	320
3017253	1959.087	2837.338	320
3489325	1959.251	2826.356	320
4763227	1959.275	2839.001	320
1442819	1959.389	2850.204	320
11348939	1959.397	2759.802	320
3160315	1959.434	2825.579	320
7922683	1959.463	2840.665	320
4665812	1959.617	2825.024	320
2211699	1959.638	2835.451	320
1313233	1959.713	2827.021	320
3206077	1960.264	2825.134	320
7354016	1960.647	2832.343	320
4480467	1960.656	2836.669	320
1000501	1961.002	2824.8	320
7853528	1961.206	2834.671	320
5534716	1961.446	2863.178	320
7288067	1961.543	2818.143	320
14713910	1961.696	2849.645	320
6645371	1961.705	2759.686	320
1457882	1961.726	2817.477	320
10278935	1961.89	2759.686	320
2208209	1962.275	2815.147	320
2289473	1962.28	2817.809	320
3020460	1962.377	2819.916	320
9908474	1962.434	2849.311	320
1726961	1962.636	2857.962	320
7194014	1962.927	2817.808	320
11275961	1963.081	2849.531	320
5360790	1963.948	2868.165	320
8387346	1964.32	2822.353	320
12178643	1964.507	2917.857	320
6246588	1964.836	2850.083	320
12913025	1965.34	4714.143	320
7239695	1966.609	2812.587	320
485957	1966.703	2813.031	320
5148539	1966.776	2850.744	320
4873032	1966.793	2812.254	320
62251	1967.069	2811.366	320
336974	1967.257	2813.03	320
5504116	1967.623	2811.809	320
11681677	1967.888	2852.517	320
12479122	1968.057	2797.388	320
321811	1968.078	2807.926	320
5025975	1968.453	2811.252	320
4935358	1968.541	2808.701	320
680344	1968.637	2810.697	320
4037561	1968.816	2807.702	320
5106779	1968.82	2810.143	320
1944612	1968.826	2907.533	320
5793042	1968.995	2852.182	320
4002869	1968.999	2807.258	320
3796654	1969.087	2804.596	320
1807111	1969.178	2804.152	320
4239528	1969.274	2806.259	320
5253309	1969.32	2877.028	320
861755	1969.362	2803.708	320
10089800	1969.363	2851.627	320
10696408	1969.415	2830.773	320
2289919	1969.463	2808.034	320
1260116	1969.637	2802.598	320
626764	1969.642	2805.149	320
9120243	1969.735	2853.179	320
3583717	1969.916	2803.929	320
14210575	1970.344	2833.766	320
8250857	1970.375	2802.375	320
2203728	1970.778	2914.517	320
9153864	1970.844	2853.509	320
5188003	1971.125	2193.628	320
9900092	1971.306	2853.73	320
4118127	1972.588	2800.929	320
4395016	1972.862	2799.708	320
3767022	1973.154	2759.775	320
4683073	1973.401	2886.56	320
6500528	1973.605	2801.814	320
8118059	1974.26	2759.107	320
9881131	1974.353	2854.057	320
1688288	1975.376	2904.969	320
4152250	1976.557	2800.588	320
2588978	1976.85	2903.524	320
8387240	1977.216	2854.384	320
1732598	1977.957	2902.967	320
13099677	1977.999	2829.758	320
4649065	1978.418	2855.38	320
10916262	1978.584	1805.271	320
3514503	1979.227	2796.922	320
1608112	1979.323	2798.919	320
5175945	1979.433	2855.046	320
5213893	1979.69	2797.698	320
1064534	1979.878	2799.029	320
7181427	1979.895	2855.267	320
5479243	1979.896	2855.932	320
5860915	1980.543	2856.153	320
4815261	1980.612	2796.92	320
12542109	1980.759	2824.872	320
4692656	1980.819	2855.598	320
6398602	1981.651	2856.483	320
16310799	1983.33	2817.879	320
5895106	1984.134	2804.123	320
14358736	1984.41	2850.932	320
12378189	1986.743	2815.986	320
14139320	1987.44	2794.688	320
11463028	1987.758	2910.38	320
5709659	1989.76	2895.845	320
1708131	1990.579	2794.904	320
15221210	1990.879	2806.55	320
4905293	1991.631	2861.123	320
2938578	1993.371	2758.848	320
2317272	1993.954	2868.439	320
1677351	1994.282	2894.949	320
17665002	1994.782	2867.106	320
13173399	1996.617	2908.366	320
9483859	1998.042	2834.378	320
3262439	1998.232	2979.465	320
15261484	1998.524	2892.5	320
1517056	1998.769	2876.083	320
2971646	1999.094	2758.504	320
11010627	1999.526	2790.671	320
10803445	2000.231	2820.952	320
2965023	2001.186	2789.891	320
689062	2001.217	2758.389	320
5983838	2001.657	2889.388	320
6175366	2001.843	2890.054	320
13558213	2002.662	2883.618	320
8421921	2002.757	2790.554	320
8035386	2003.858	2834.366	320
8156707	2004.42	2885.612	320
9625900	2004.496	2830.15	320
427875	2004.585	2875.85	320
8662399	2006.267	2791.434	320
5532307	2006.723	2835.803	320
6864800	2006.73	2792.321	320
7222012	2007.098	2791.544	320
1786058	2007.276	2835.469	320
5590429	2007.286	2793.318	320
61129	2007.433	2821.049	320
5279577	2007.551	2834.47	320
1620603	2007.747	2887.491	320
4349368	2007.922	2835.246	320
3520569	2008.117	2793.427	320
5365005	2008.191	2831.252	320
5135070	2008.374	2830.364	320
5682362	2008.396	2793.981	320
1693454	2009.206	2830.695	320
4073399	2009.41	2840.678	320
1063767	2009.595	2841.121	320
3596840	2009.868	2839.013	320
811146	2010.036	2830.25	320
46934	2010.239	2839.567	320
9099471	2010.247	2796.529	320
17203428	2010.326	2884.713	320
4513799	2010.337	2842.562	320
1030853	2010.403	2829.362	320
14001869	2010.451	2901.24	320
3828745	2010.612	2841.674	320
5416743	2010.794	2840.564	320
2291658	2011.094	2757.261	320
4200314	2011.435	2884.822	320
4125846	2011.536	2842.005	320
14443635	2012.671	2808.615	320
5385497	2012.836	2798.41	320
8171922	2013.209	2847.992	320
15366665	2013.811	2825.14	320
8224404	2013.95	2849.321	320
5592946	2014.228	2849.764	320
1008980	2014.228	2849.875	320
5536171	2014.692	2850.651	320
6278934	2014.97	2851.316	320
16964585	2015.306	2881.93	320
10934718	2015.446	2811.272	320
5510807	2015.616	2851.093	320
17035437	2015.718	2903.67	320
15464818	2015.724	2811.715	320
12856748	2015.807	2806.945	320
14056073	2016.085	2807.499	320
5544563	2016.49	2826.133	320
3543171	2016.724	2898.677	320
2084659	2017.047	2827.352	320
5549538	2017.184	2897.677	320
7024403	2017.46	2897.566	320
5850587	2017.564	2856.191	320
11116302	2017.942	2907.881	320
354732	2018.028	2856.967	320
684590	2018.035	2813.263	320
6300285	2018.581	2856.633	320
4776999	2018.584	2858.075	320
6287182	2018.766	2857.076	320
13389021	2018.85	2805.164	320
11147325	2018.938	2897.563	320
11670727	2019.027	2896.01	320
15090648	2019.033	2851.973	320
3983887	2019.227	2856.521	320
3462662	2019.489	2896.453	320
5951288	2019.505	2857.075	320
4193861	2019.697	2908.321	320
10395659	2019.903	2824.352	320
8096636	2019.91	2828.234	320
4814811	2019.995	2824.352	320
11714033	2020.01	2879.37	320
8266938	2020.142	2757.465	320
8013170	2020.551	2825.46	320
1188298	2020.642	2824.683	320
7107970	2020.895	2859.624	320
12248598	2021.024	2878.813	320
3369671	2021.179	2910.98	320
3256002	2021.185	2819.025	320
19148789	2021.314	2790.74	320
9121485	2021.794	2894.563	320
4033249	2022.112	2820.798	320
9621552	2022.592	2877.923	320
1649180	2022.606	2790.071	320
7471067	2022.808	2894.117	320
2561439	2022.9	2894.006	320
8852479	2023.124	2866.607	320
3450708	2023.157	2788.961	320
13160657	2023.461	2802.604	320
8051775	2023.767	2865.053	320
5707216	2023.897	2789.403	320
11363443	2024.02	2757.901	320
12761682	2024.106	2802.159	320
8716155	2024.162	2877.919	320
7834062	2024.194	2894.78	320
8890342	2024.233	2867.271	320
2684228	2024.359	2789.846	320
13238188	2024.438	2877.697	320
9479381	2024.656	2894.557	320
11080154	2024.666	2757.9	320
8585941	2024.694	2866.937	320
11223058	2025.07	2870.264	320
9471031	2025.128	2757.899	320
7751385	2025.343	2868.045	320
1975797	2025.392	2893.446	320
8593873	2025.439	2822.899	320
10185997	2025.806	2868.932	320
6750132	2026.089	2777.087	320
11238974	2026.1	2877.583	320
6193448	2026.79	2757.785	320
2450808	2027.064	2756.453	320
8451913	2027.199	2872.922	320
731061	2027.341	2756.453	320
11378224	2027.567	2872.256	320
1754137	2027.895	2756.451	320
6773311	2028.073	2800.709	320
2912912	2028.315	2924.61	320
2221760	2028.402	2779.744	320
17095295	2028.833	3095.874	320
1403136	2028.863	2779.3	320
7044998	2029.063	2787.397	320
1851977	2029.14	2779.743	320
3298777	2029.416	2778.855	320
819674	2029.418	2780.186	320
6020657	2029.458	2800.707	320
1300158	2029.694	2779.409	320
4941420	2029.977	2782.625	320
2298097	2030.147	2774.86	320
2994794	2030.157	2780.296	320
4133681	2030.16	2781.516	320
3196730	2030.239	2774.749	320
1505980	2030.24	2775.526	320
2847618	2030.435	2780.739	320
3880753	2030.438	2782.07	320
4703433	2030.48	2756.336	320
2567509	2030.792	2774.415	320
1820157	2030.979	2775.857	320
12116000	2031.003	2930.04	320
2565347	2031.035	2756.889	320
141183	2031.269	2782.401	320
6992956	2031.385	2889.552	320
2961194	2031.44	2775.523	320
4216659	2031.681	2756.888	320
2455040	2031.682	2757.553	320
163844	2031.992	2774.524	320
3026973	2032.363	2775.078	320
8269903	2032.398	2935.362	320
5762281	2032.756	2787.611	320
10215595	2032.948	2933.697	320
8832578	2033.328	2796.928	320
1583110	2033.377	2774.41	320
1116966	2033.464	2771.637	320
5512224	2033.498	2788.941	320
6223077	2033.694	2937.467	320
5521070	2033.83	2769.973	320
5215474	2033.958	2788.496	320
8157923	2033.976	2797.37	320
331862	2034.017	2771.303	320
109570	2034.02	2772.523	320
3537671	2034.053	2789.827	320
4226561	2034.233	2787.498	320
6664035	2034.254	2797.924	320
1618789	2034.297	2772.967	320
13296856	2034.362	2758.768	320
1483827	2034.418	2882.115	320
6196466	2034.609	2790.935	320
2856237	2034.758	2772.3	320
2822638	2034.894	2936.91	320
1593357	2034.945	2773.742	320
407426	2035.067	2789.049	320
1404253	2035.128	2772.854	320
5133674	2035.345	2789.603	320
1551298	2035.404	2772.188	320
1296063	2035.406	2773.297	320
1540289	2035.497	2772.742	320
2654963	2035.527	2882.889	320
6186520	2035.536	2792.598	320
2077326	2035.711	2882.445	320
413711	2035.774	2772.742	320
3876556	2035.811	2791.599	320
1208232	2035.901	2790.6	320
3426919	2035.994	2885.883	320
6529565	2035.997	2792.153	320
4657252	2036.179	2791.043	320
3422092	2036.266	2883.331	320
1310698	2036.274	2792.596	320
2462634	2036.36	2883.775	320
1461175	2036.422	2773.739	320
1670792	2036.537	2879.892	320
237569	2036.735	2792.041	320
6676305	2036.739	2888.876	320
2666802	2036.815	2880.446	320
3603441	2037.09	2879.558	320
4442781	2037.382	2887.1	320
7068873	2037.384	2888.542	320
5205033	2037.387	2890.095	320
7067589	2037.567	2887.544	320
4128000	2037.57	2888.986	320
66470	2037.779	2759.205	320
4389627	2037.845	2888.098	320
4795675	2038.031	2888.541	320
3691446	2038.035	2938.456	320
5237963	2038.049	2945.445	320
3419437	2038.123	2888.652	320
8395987	2038.309	2889.095	320
7091201	2038.398	2887.764	320
2775600	2038.425	2758.982	320
6383774	2038.606	2757.207	320
6924891	2038.686	2798.248	320
11211553	2038.87	2892.976	320
1341535	2038.964	2798.692	320
9158277	2039.053	2891.867	320
6600142	2039.054	2797.582	320
6005822	2039.063	2944.666	320
16906206	2039.081	2763.972	320
129349	2039.157	2755.875	320
5561089	2039.159	2756.54	320
3650326	2039.25	2755.875	320
5529001	2039.251	2946.441	320
7062841	2039.332	2798.025	320
8508372	2039.347	2947.993	320
9932484	2039.52	2799.689	320
5779727	2039.529	2946.884	320
7857190	2039.61	2798.579	320
6680594	2039.7	2797.359	320
6496615	2039.715	2947.327	320
6732489	2039.871	2885.21	320
9124806	2039.888	2799.023	320
11695287	2039.897	2803.792	320
7344019	2039.977	2797.802	320
10493787	2039.983	2800.464	320
1047573	2040.017	2770.515	320
7880480	2040.064	2794.585	320
5806978	2040.082	2946.55	320
8590509	2040.255	2798.245	320
8687593	2040.261	2801.018	320
2003265	2040.268	2757.093	320
7286512	2040.333	3312.485	320
10372320	2040.351	2799.798	320
11682485	2040.44	2893.195	320
10926112	2040.453	2804.9	320
14095286	2040.536	2894.859	320
2811745	2040.573	2771.734	320
3837965	2040.61	2885.652	320
3623520	2040.796	2886.206	320
245943	2041.018	2763.303	320
730552	2041.559	2756.425	320
5175062	2041.85	2763.523	320
5515756	2041.947	2766.407	320
495979	2042.065	548.499	320
5331971	2042.272	2885.538	320
8095397	2042.498	2764.742	320
5173914	2042.665	2755.757	320
7971175	2042.683	2954.531	320
8310852	2043.146	2955.418	320
3406163	2043.59	2756.31	320
3196588	2043.779	2901.064	320
10707331	2043.978	2955.749	320
8722378	2044.512	2755.754	320
15017206	2044.694	2801.897	320
11839152	2044.788	2802.674	320
11180615	2044.88	2802.562	320
5248785	2045.196	2775.386	320
4221956	2045.286	2774.165	320
6192728	2045.474	2775.829	320
1544417	2045.507	2935.225	320
3596703	2045.69	2934.448	320
11940169	2045.738	2959.073	320
1563667	2045.968	2935.002	320
5943126	2046.117	2774.275	320
3125497	2046.189	2905.829	320
10660076	2046.291	2958.628	320
5146326	2046.52	2934.003	320
13948270	2046.575	2962.177	320
9539435	2046.679	2778.267	320
650789	2046.708	2935.334	320
14450304	2046.788	2929.122	320
5187057	2046.792	2931.229	320
5054952	2047.322	2776.491	320
13390891	2047.407	2962.398	320
10375434	2047.42	2779.707	320
2849515	2047.606	2779.929	320
10146207	2047.713	2882.754	320
6213609	2047.804	2881.978	320
1032720	2047.854	2907.49	320
1376774	2047.967	2870.774	320
1420586	2048.112	2755.414	320
7635180	2048.156	2778.264	320
10757731	2048.159	2779.706	320
4096339	2048.625	3161.613	320
8414649	2048.81	2782.367	320
9909787	2049.085	2781.368	320
6323565	2049.545	2875.208	320
13132562	2049.824	2781.366	320
10336483	2050.209	2931.999	320
3135298	2050.395	2932.664	320
4581947	2050.488	2932.664	320
15561123	2050.571	2785.691	320
1617649	2051.19	2914.139	320
17316349	2051.866	2786.798	320
11783345	2051.948	2924.231	320
636203	2052.578	2915.467	320
9701421	2052.703	2789.902	320
11918551	2052.777	2923.009	320
9058458	2052.905	3083.737	320
9257355	2052.965	2924.895	320
4320142	2053.069	2930.552	320
2073396	2053.161	2930.552	320
6805909	2053.243	2925.338	320
8911800	2053.518	2924.561	320
202626	2053.97	2872.093	320
9697050	2054.072	2924.227	320
7423383	2054.628	2925.224	320
5015473	2054.906	2925.778	320
174470	2055.259	2869.983	320
7126893	2055.315	2756.398	320
16501739	2055.374	2976.58	320
411671	2055.632	2871.979	320
4870517	2056.849	2927.993	320
8049937	2057.029	2878.077	320
13571087	2057.304	2924.554	320
3102670	2057.495	2927.77	320
2448892	2058.048	2927.436	320
15792684	2058.504	597.162	320
2726094	2058.694	2927.213	320
4396526	2059.796	2876.63	320
7780005	2061.382	2932.754	320
10572873	2061.935	2932.309	320
17833388	2062.407	2937.633	320
3189286	2062.803	2809.072	320
6959469	2063.5	2930.088	320
8132378	2063.776	2929.533	320
1418233	2063.922	2862.313	320
8799311	2064.054	2930.308	320
10115235	2064.795	2931.305	320
3490107	2065.283	2755.159	320
730345	2065.726	2935.408	320
14187708	2065.768	2814.501	320
8182153	2066.344	2873.29	320
3556538	2067.526	2864.192	320
5031705	2069.739	2862.302	320
3659908	2070.435	2935.62	320
2252169	2071.033	2863.076	320
13478536	2071.601	2870.617	320
5084689	2071.924	517.383	320
12474853	2072.084	2929.073	320
768427	2072.143	2816.929	320
765830	2072.206	2754.147	320
3946109	2072.322	2861.742	320
15218823	2072.549	2930.736	320
7927952	2072.615	2822.364	320
9841700	2073.838	3071.716	320
2257047	2074.492	603.343	320
281438	2074.72	2860.406	320
12643762	2075.014	2868.947	320
1769737	2076.69	2828.678	320
5525759	2076.717	2937.938	320
19772872	2076.892	2933.057	320
569255	2077.179	2938.048	320
794889	2077.915	2936.937	320
52785	2079.487	2938.043	320
6615029	2079.686	2755.02	320
14015453	2079.717	2866.497	320
1431830	2080.412	2938.929	320
6474661	2080.622	2809.148	320
12774895	2080.956	2838.542	320
6448421	2081.009	2865.829	320
547900	2081.059	2939.038	320
9305579	2081.128	2974.866	320
2733527	2081.148	2937.818	320
879658	2081.242	2938.483	320
10288932	2081.314	2975.31	320
1662607	2081.419	2839.318	320
9425595	2081.591	2975.753	320
10648200	2081.819	2807.815	320
8502254	2081.87	2976.418	320
7902006	2081.975	2935.376	320
1254516	2082.152	2836.543	320
9745364	2082.276	2852.738	320
126030	2082.426	2977.415	320
10053203	2082.698	2975.196	320
3803675	2082.712	2934.82	320
1537246	2083.087	2842.642	320
3500672	2083.18	2842.864	320
9442063	2083.35	2977.857	320
1643424	2083.55	2843.529	320
12248050	2084.256	2969.314	320
3821543	2084.289	2843.638	320
10327921	2084.776	2856.615	320
6949818	2085.726	2965.762	320
8876540	2085.854	2983.953	320
9510054	2086.006	2967.092	320
3176454	2086.137	2844.3	320
5861578	2086.318	2984.95	320
9620984	2086.593	2983.951	320
2595988	2086.594	2937.031	320
944726	2086.621	2855.613	320
7910476	2086.892	2805.143	320
1497673	2089.193	2753.892	320
8759635	2089.417	2964.756	320
11166690	2090.065	3013.117	320
11907734	2090.113	2752.448	320
333437	2090.477	2939.797	320
668092	2090.66	2939.131	320
10690327	2090.797	2961.87	320
8906759	2090.803	2965.197	320
5551245	2091.039	2753.667	320
7302338	2091.346	2959.761	320
10395573	2091.357	2964.974	320
6877290	2091.685	2753.554	320
1984773	2091.783	2804.135	320
5359836	2091.896	2957.32	320
2591707	2091.901	2960.315	320
14055655	2091.915	2967.525	320
7967750	2091.993	2959.871	320
9276533	2092.002	2964.751	320
1059449	2092.05	2941.901	320
8830896	2092.273	2961.312	320
1113655	2092.538	2955.1	320
6242917	2092.543	2957.762	320
4517325	2092.996	2953.213	320
11919591	2093.022	2966.857	320
223269	2093.342	2941.677	320
5475061	2093.464	2956.651	320
635226	2093.62	2942.12	320
3834087	2093.917	2952.213	320
231214	2094.074	2937.904	320
1374555	2094.084	2943.006	320
39056	2094.197	2953.877	320
4562096	2094.288	2953.433	320
4163056	2094.563	2952.323	320
2833922	2094.65	2949.217	320
468178	2094.718	2936.904	320
2330752	2094.833	2948.773	320
2221651	2094.92	2850.717	320
3556849	2094.93	2950.769	320
25694	2095.088	2937.347	320
60346	2095.179	2936.571	320
598750	2095.204	2949.66	320
172977	2095.274	2938.012	320
772395	2095.613	2970.069	320
10798280	2095.703	2968.737	320
1293088	2095.732	2936.348	320
16752	2096.196	2937.567	320
1173150	2096.564	2936.568	320
8579722	2096.719	2969.068	320
11373595	2096.902	2682.443	320
14546	2097.689	2945.329	320
8283753	2097.828	2969.399	320
5717560	2098.059	2945.883	320
6271383	2098.385	2970.951	320
6392281	2098.476	2970.285	320
3202566	2098.939	2971.06	320
2235546	2099.972	2932.457	320
5431720	2100.046	2970.836	320
4453119	2100.507	2970.281	320
3039064	2100.522	2930.792	320
1921184	2100.539	2939.333	320
689060	2100.629	2938.002	320
2660521	2100.93	1902.978	320
6617231	2100.977	2927.242	320
3749369	2100.981	2929.238	320
1018744	2100.986	2931.568	320
2115514	2101.077	2931.235	320
414855	2101.089	2937.558	320
4308400	2101.628	2929.459	320
2138434	2101.645	2938.555	320
12417124	2101.711	2925.022	320
3001736	2101.741	2940.107	320
10123405	2101.899	2926.353	320
2062482	2101.923	2939.109	320
5012699	2102.111	2798.014	320
10851866	2102.174	2925.687	320
10241856	2102.366	2881.761	320
16234589	2102.445	2922.58	320
111649	2102.545	2926.573	320
1211456	2102.637	2926.24	320
11770729	2102.821	2925.796	320
1970493	2103.31	2797.346	320
8970132	2103.465	2877.322	320
9173818	2103.775	2751.202	320
14789723	2103.907	2914.48	320
12460791	2104.551	2913.259	320
7297861	2104.702	2943.762	320
5334486	2104.761	2973.933	320
5901159	2104.853	2973.822	320
2238430	2104.898	3044.702	320
759400	2105.016	1915.172	320
1702443	2105.255	2943.207	320
6452460	2105.405	2973.155	320
58262	2105.498	2973.266	320
8056053	2105.572	2916.473	320
6503220	2105.666	2917.139	320
7560254	2105.758	2917.139	320
4740323	2106.486	2911.48	320
8371949	2106.548	2848.365	320
4597548	2106.691	2969.492	320
1684475	2106.732	2847.699	320
4322777	2107.009	2943.092	320
4896330	2107.104	2944.534	320
9153621	2107.183	2794.677	320
8298476	2107.24	2919.243	320
368813	2107.321	2913.697	320
743245	2107.497	2909.26	320
1416950	2107.623	3021.625	320
1438	2107.88	2916.025	320
5764787	2108.011	2888.405	320
1629330	2108.065	2916.69	320
2768281	2108.52	2913.251	320
617256	2108.578	2752.412	320
5326588	2108.661	2985.573	320
1732037	2108.92	2976.698	320
3408679	2109.044	2945.085	320
4850362	2109.21	2887.848	320
7067750	2109.214	2985.35	320
1547404	2109.332	2903.488	320
3021370	2109.511	2900.493	320
3024043	2109.752	2976.918	320
386738	2109.774	2845.585	320
2179635	2109.975	2901.49	320
2366435	2110.147	2752.409	320
3041135	2110.158	2900.713	320
3556992	2110.342	2900.269	320
4229431	2110.433	2899.826	320
2578657	2110.437	2902.044	320
5725610	2110.5	2886.847	320
4602923	2110.51	2891.728	320
902684	2110.583	2976.917	320
2788543	2110.621	2901.489	320
3485022	2110.805	2901.045	320
936838	2110.836	2916.907	320
3079989	2111.06	3032.71	320
5476633	2111.152	3032.488	320
177965	2111.297	2917.017	320
830653	2111.43	3033.042	320
4750722	2111.703	2793.004	320
6573753	2111.708	3033.596	320
1155431	2111.718	2895.719	320
13602366	2112.0	2946.077	320
3676976	2112.264	3034.704	320
1164565	2112.311	2916.017	320
3096978	2112.351	3032.042	320
4690713	2112.364	2895.718	320
1044587	2112.364	2895.829	320
7658270	2112.374	2853.345	320
3199532	2112.449	3035.037	320
6209288	2112.524	3025.941	320
12548903	2112.727	3035.591	320
594954	2112.868	2917.569	320
7178302	2112.983	3024.387	320
824032	2113.144	2917.013	320
10169705	2113.154	3017.51	320
6381638	2113.184	2890.059	320
6708474	2113.35	3023.277	320
2098855	2113.368	3032.595	320
4053623	2113.373	3035.479	320
11458456	2113.43	3016.954	320
2633554	2113.446	3025.163	320
1479843	2113.515	2917.789	320
2565954	2113.625	3022.389	320
2382646	2113.629	3024.608	320
1418848	2113.646	3033.26	320
5322099	2113.649	3034.591	320
130640	2113.698	2917.123	320
2480114	2113.736	2984.232	320
5570307	2113.739	2890.502	320
2303174	2113.884	2917.899	320
5643042	2113.992	3021.168	320
4098651	2114.0	3025.605	320
3024219	2114.159	2916.679	320
543693	2114.289	2983.898	320
3523584	2114.289	2984.009	320
1303935	2114.363	3022.055	320
5210857	2114.551	3023.94	320
3524674	2114.642	3023.386	320
5841111	2114.822	3020.723	320
892666	2114.826	3022.942	320
14978630	2114.859	3039.802	320
3358792	2115.083	2917.01	320
6792355	2115.204	2884.287	320
8457344	2115.295	2883.843	320
6945377	2115.314	2988.665	320
2010553	2115.362	2918.451	320
170046	2115.824	2918.561	320
1360738	2115.852	2790.112	320
12866437	2115.87	3037.471	320
9589564	2115.948	3030.26	320
16619708	2115.965	3039.023	320
199874	2116.037	2790.001	320
9334570	2116.246	3041.13	320
1450966	2116.42	2987.998	320
2062343	2116.471	2918.782	320
4141681	2116.498	2789.778	320
5042284	2116.513	2988.109	320
6524013	2116.654	2918.227	320
12938032	2116.676	2881.511	320
11032401	2116.955	2882.953	320
3832475	2116.966	2984.003	320
7947016	2116.967	2888.942	320
11483747	2117.025	2919.002	320
5935250	2117.139	2882.287	320
5612230	2117.387	3010.402	320
2722990	2117.391	3012.732	320
5605329	2117.428	2983.781	320
8912993	2117.446	2993.098	320
2813276	2117.45	2947.842	320
2945268	2117.571	3009.958	320
8622242	2117.579	3014.062	320
5881256	2117.666	3011.622	320
13439858	2117.703	3030.812	320
5937848	2117.815	2992.876	320
596559	2117.815	2993.319	320
8750483	2117.816	2993.652	320
14305567	2117.956	2875.297	320
5393505	2117.981	2983.558	320
1708932	2118.121	3008.072	320
5027416	2118.401	3009.624	320
8145858	2118.555	2993.873	320
3682406	2118.557	2994.649	320
789084	2118.588	3010.955	320
14110519	2118.602	2875.296	320
4633581	2118.68	3010.844	320
470433	2118.859	3007.959	320
121354	2118.924	2993.872	320
1786813	2119.107	2992.873	320
14483875	2119.249	2875.627	320
4623361	2119.311	3002.634	320
7518956	2119.313	3003.854	320
2704296	2119.322	3008.735	320
7839387	2119.404	3003.299	320
8292973	2119.457	2982.779	320
4941781	2119.495	3002.634	320
1625912	2119.528	2972.019	320
3667853	2119.571	2993.871	320
5210392	2119.609	2918.443	320
7609361	2120.057	2958.929	320
1608504	2120.148	2958.485	320
9682863	2120.336	2960.038	320
2106757	2120.394	2751.724	320
13448210	2120.465	2788.439	320
8253513	2120.474	2983.775	320
36884	2120.515	2957.375	320
8693942	2120.52	2959.594	320
10875665	2120.564	2982.222	320
4582368	2120.79	2956.376	320
2640	2120.886	2958.262	320
3812824	2120.961	2996.53	320
4236209	2120.974	2955.932	320
9679203	2120.983	2960.369	320
677047	2121.153	3000.634	320
7757852	2121.258	2959.259	320
3563133	2121.621	2956.042	320
5781078	2121.625	2958.26	320
223928	2121.804	2955.376	320
3736569	2121.923	2921.322	320
3996507	2121.988	3002.851	320
2980420	2122.05	2844.12	320
2789027	2122.084	2956.707	320
2793322	2122.359	2955.708	320
5432911	2122.379	630.094	320
257286	2122.421	2844.784	320
155057	2122.542	2955.264	320
238829	2122.693	3271.394	320
1960035	2122.811	2951.048	320
7260793	2122.812	2951.381	320
227556	2123.254	2846.114	320
2732767	2123.46	2952.267	320
7603510	2123.54	2946.166	320
3830016	2123.772	2922.872	320
6913730	2123.924	3001.072	320
4377597	2124.009	2997.301	320
2562635	2124.143	2923.647	320
350899	2124.231	2921.318	320
1029111	2124.514	2924.423	320
4779051	2124.562	2997.189	320
3367523	2124.565	2998.52	320
567374	2124.605	2923.757	320
1590013	2124.828	2943.612	320
823311	2124.973	2923.202	320
697234	2124.976	2924.644	320
2661364	2125.103	2942.724	320
346563	2125.142	3058.306	320
3183122	2125.339	2921.649	320
1863914	2125.378	2941.726	320
5096593	2125.562	2941.281	320
2045212	2125.614	2920.428	320
2493948	2125.615	2921.093	320
6128988	2125.653	2940.838	320
4789064	2125.884	3059.747	320
972780	2125.95	2951.153	320
4512964	2126.208	2941.28	320
12076283	2126.295	2938.396	320
1098149	2126.314	2948.046	320
4130738	2126.448	2921.979	320
15962011	2126.557	2930.853	320
1047872	2126.58	2942.5	320
1929058	2126.594	2997.628	320
2473565	2126.646	2785.987	320
3851136	2126.724	2921.424	320
269487	2126.725	2922.09	320
10359429	2126.828	2927.635	320
12268210	2126.941	2938.506	320
4999539	2128.016	2921.089	320
11763367	2128.344	2852.094	320
5389172	2128.478	2921.31	320
243152	2129.088	2950.259	320
11257710	2129.444	2991.078	320
2063896	2129.458	2951.035	320
1374240	2129.541	2755.589	320
8481130	2129.586	2921.64	320
2871469	2129.644	2951.811	320
12784674	2129.811	2990.301	320
14087749	2130.325	2921.972	320
1740139	2130.367	2991.409	320
16706695	2130.509	2921.306	320
1681358	2130.645	2991.853	320
14161826	2130.972	2922.192	320
3889666	2131.076	2928.293	320
16166451	2131.894	2921.414	320
14494765	2131.944	2852.198	320
14548788	2132.069	2916.533	320
3360076	2132.406	2852.197	320
3765340	2132.499	2995.842	320
3382432	2132.501	2949.254	320
810167	2132.856	2846.317	320
1050659	2132.923	3071.824	320
5503195	2133.063	3048.419	320
1320580	2133.194	2782.536	320
10889576	2133.237	2852.417	320
1361884	2133.523	2952.247	320
7251600	2133.527	3049.638	320
9573788	2133.68	2890.352	320
7158179	2133.794	2996.727	320
5781977	2134.08	3049.415	320
1163066	2134.489	2926.733	320
1025855	2134.765	2926.178	320
14348319	2134.881	2890.904	320
3273926	2134.921	2911.536	320
5505541	2135.087	2997.057	320
1109046	2135.105	2911.092	320
10475725	2135.27	3044.088	320
6160853	2135.363	2996.724	320
1211611	2135.923	2952.243	320
4218328	2135.924	2952.908	320
3723401	2135.927	2954.018	320
11494335	2135.973	2930.502	320
6130242	2135.99	2891.346	320
5808841	2136.084	2892.011	320
921233	2136.086	2845.424	320
14818176	2136.285	2853.077	320
14635098	2136.344	2931.167	320
6281391	2136.376	2995.391	320
3373363	2136.387	2953.129	320
3312096	2136.389	2906.874	320
1729278	2136.39	2906.985	320
11807610	2136.467	3042.644	320
1939124	2136.481	2763.451	320
2195019	2136.544	2891.567	320
4205581	2136.57	2952.463	320
4743482	2136.929	2995.168	320
9383148	2136.99	2883.247	320
5685626	2137.022	2995.168	320
9519774	2137.042	2766.888	320
3367074	2137.218	2953.571	320
5927493	2137.406	2955.124	320
482958	2137.674	2902.879	320
348425	2137.751	2894.67	320
5102175	2137.774	2954.458	320
4941327	2137.82	2883.023	320
5548463	2137.954	2952.239	320
3080771	2138.175	2779.975	320
8113109	2138.24	2956.675	320
1086888	2138.324	2857.177	320
6279963	2138.416	2952.46	320
2589214	2138.426	2909.533	320
6567303	2138.511	2953.791	320
1176094	2139.044	2895.0	320
9454635	2139.163	2956.895	320
2758071	2139.24	2900.879	320
15202	2139.243	2997.826	320
10198871	2139.349	2957.339	320
160920	2139.385	2928.277	320
2215982	2139.568	2927.611	320
2433003	2139.608	2900.324	320
5219529	2139.76	2931.271	320
2037842	2139.963	2893.002	320
2072950	2140.143	2890.45	320
3851767	2140.256	2901.543	320
3759943	2140.319	2886.124	320
1524051	2140.441	2996.825	320
1315506	2140.595	2885.569	320
3870330	2140.61	2893.223	320
4983158	2140.686	2884.903	320
5046703	2140.719	2997.601	320
1127974	2140.81	3044.521	320
1738551	2140.919	3100.981	320
12892231	2141.104	3101.091	320
3191072	2141.344	2891.003	320
1535901	2141.457	3044.853	320
3475203	2141.541	3088.445	320
311580	2141.614	2887.564	320
4330953	2141.642	3044.852	320
1610649	2141.735	3045.518	320
13354532	2141.819	3088.778	320
4918868	2142.145	2875.805	320
1157491	2142.161	2883.68	320
842888	2142.196	3045.295	320
4768229	2142.261	2887.895	320
5503065	2142.473	2997.598	320
5990143	2142.605	2874.584	320
1468788	2142.807	2883.79	320
4487217	2143.345	2875.47	320
1964020	2143.357	2929.489	320
1767197	2143.451	2930.155	320
1093637	2143.629	2878.908	320
3515479	2143.651	2890.333	320
8824938	2143.669	3090.882	320
5060459	2143.674	2997.817	320
4064067	2143.769	2999.148	320
6819085	2143.803	2873.805	320
1781633	2143.812	2878.353	320
3622404	2143.86	3094.098	320
3022464	2144.084	2875.69	320
1989805	2144.136	2997.927	320
4795806	2144.229	2998.593	320
4992319	2144.323	2999.369	320
9710046	2144.331	2955.665	320
2936834	2144.452	2875.135	320
1775968	2144.506	3093.875	320
6962752	2144.515	2955.11	320
11770299	2144.515	3098.312	320
2246710	2144.604	3096.759	320
2427268	2144.638	2875.8	320
6476897	2145.062	2999.589	320
4587349	2145.158	3096.647	320
19583519	2145.231	2848.068	320
908786	2145.438	3098.421	320
3229021	2145.605	3041.628	320
1344293	2145.615	3094.538	320
3638638	2145.714	3097.644	320
9691917	2145.715	2955.441	320
1995249	2145.716	3098.975	320
2138551	2145.758	2929.817	320
2418341	2145.801	3094.982	320
1597188	2145.883	3042.293	320
5214648	2145.983	2998.478	320
518465	2145.991	3098.087	320
1186959	2146.081	3096.867	320
14632689	2146.133	3171.185	320
5566904	2146.165	3044.733	320
788682	2146.267	3097.31	320
12946620	2146.336	3037.633	320
15239565	2146.347	3043.069	320
10511254	2146.437	3042.07	320
5791701	2146.537	2998.588	320
11177835	2146.546	2955.106	320
6798871	2146.814	3046.063	320
2745107	2147.013	3101.413	320
5936160	2147.043	2925.711	320
2924889	2147.098	3097.53	320
235509	2147.185	3046.727	320
1542765	2147.229	2974.516	320
1069784	2147.289	3100.636	320
5192366	2147.364	3044.176	320
8576498	2147.512	2882.117	320
9673083	2147.56	3049.943	320
798413	2147.567	3101.079	320
2668837	2147.569	3102.41	320
1420247	2147.594	2876.682	320
5808264	2147.597	2926.042	320
12548209	2147.777	2923.38	320
5966888	2147.828	3045.062	320
13379496	2147.842	2956.878	320
2391565	2147.88	2929.148	320
923790	2147.882	2929.813	320
13319820	2147.96	2922.603	320
1276892	2147.973	2929.147	320
1621999	2147.977	2931.477	320
8179746	2148.056	2924.71	320
6176683	2148.106	3045.616	320
10004682	2148.383	2997.919	320
13786962	2148.394	2956.323	320
6408901	2148.428	2925.819	320
7111038	2148.519	2925.264	320
1745249	2148.611	2925.042	320
3319678	2148.62	2977.287	320
4461528	2148.62	2977.398	320
3658473	2148.624	2931.697	320
1686378	2148.673	3100.411	320
7425201	2148.679	3103.184	320
8621513	2148.703	2924.82	320
5169579	2148.951	3101.076	320
15953117	2149.175	2787.275	320
3321628	2149.232	3102.851	320
1459332	2149.29	2751.002	320
3019792	2149.4	3094.198	320
3843792	2149.586	3094.974	320
3415516	2150.033	3039.845	320
4216614	2150.23	3189.59	320
6254826	2150.619	3104.068	320
10548841	2150.813	3108.726	320
2748484	2150.951	2750.888	320
3583352	2150.958	3040.841	320
9951096	2150.981	3052.488	320
10197581	2151.065	3048.051	320
10017434	2151.167	3053.042	320
4004290	2151.268	3105.398	320
1816854	2151.669	2931.026	320
7512087	2151.722	3053.929	320
2161425	2151.763	2931.691	320
12614622	2151.908	3054.372	320
14980930	2151.915	3058.032	320
1662783	2152.13	2930.471	320
11565889	2152.275	3053.595	320
17380311	2152.553	2958.422	320
12645557	2152.739	3054.592	320
4789316	2152.82	3001.127	320
516663	2152.851	3112.605	320
4562798	2152.862	2879.334	320
1948188	2153.321	2878.113	320
2981303	2153.324	2879.444	320
14268083	2153.46	3093.414	320
6064295	2153.466	3000.682	320
6980296	2153.536	3036.954	320
4584456	2153.783	2878.223	320
4013763	2153.906	3037.397	320
5873527	2154.276	3037.951	320
10597516	2154.696	3111.825	320
12774767	2154.731	3034.289	320
7650935	2154.802	2927.803	320
4974281	2154.887	3115.152	320
6558060	2155.298	3088.973	320
9559782	2155.35	3115.928	320
2629530	2155.546	2930.464	320
7436163	2155.576	3089.528	320
17684255	2155.59	2857.698	320
7007202	2155.59	3001.233	320
14294188	2155.609	3011.216	320
16428450	2155.614	3061.464	320
2603653	2155.721	3116.703	320
1075830	2155.727	3167.506	320
1281158	2155.947	3090.081	320
3636464	2156.002	3118.699	320
11682000	2156.071	3010.993	320
8725920	2156.238	3002.119	320
9679847	2156.749	2931.904	320
1913642	2156.842	2932.569	320
5966692	2156.961	3089.525	320
4959529	2157.296	3119.695	320
8139999	2157.422	3089.191	320
4310094	2157.477	2878.77	320
11164132	2157.569	3117.365	320
17723152	2157.794	2803.896	320
12679754	2158.133	3122.799	320
2019547	2158.416	2935.006	320
8263902	2158.436	3088.635	320
8751024	2158.46	3005.553	320
6664405	2158.611	3035.502	320
986121	2158.633	2808.332	320
10414855	2158.861	2878.324	320
5876015	2158.874	3124.129	320
2693621	2158.964	3122.909	320
8325079	2159.167	3036.721	320
12461436	2159.462	2998.563	320
5557627	2160.264	3126.9	320
1825378	2160.354	2934.337	320
3136264	2160.445	2933.671	320
1636757	2160.628	2933.116	320
532682	2160.721	2933.116	320
6590160	2160.742	3087.41	320
8516951	2160.827	3035.831	320
10953217	2161.196	3035.608	320
10947898	2161.283	3128.672	320
5586481	2161.586	2760.074	320
2413905	2161.61	3011.093	320
9272019	2161.778	2811.32	320
15834344	2161.855	3090.292	320
17055378	2162.049	2856.244	320
11454699	2162.131	3089.737	320
5329441	2162.167	3108.372	320
7679030	2162.485	3129.557	320
2097774	2162.604	2856.575	320
12962980	2162.719	3011.424	320
5690260	2162.869	3089.402	320
1370636	2162.877	2854.467	320
10690163	2163.051	3087.738	320
3383452	2163.316	3033.829	320
16926651	2163.43	3093.062	320
4589941	2163.486	2931.003	320
12869302	2163.53	3001.439	320
1594818	2163.677	2934.33	320
2114212	2163.785	3133.548	320
2401892	2163.861	2933.665	320
12990196	2163.992	3001.549	320
14952500	2164.011	3011.643	320
819211	2164.084	3001.549	320
2596255	2164.156	3134.213	320
7808155	2164.291	3013.085	320
1806682	2164.39	3016.523	320
8026814	2164.527	3134.989	320
6888279	2164.766	2876.87	320
1139030	2164.819	2856.46	320
4684797	2165.808	2938.209	320
736322	2165.932	2858.788	320
4679389	2166.163	2930.776	320
4691218	2166.174	2936.211	320
10691876	2166.208	2858.232	320
2418012	2166.358	2936.211	320
3075187	2166.442	2931.774	320
344764	2166.519	2876.201	320
240623	2166.67	2858.453	320
7077684	2166.777	2818.41	320
3118438	2166.822	2937.43	320
8380758	2166.868	2817.966	320
17688887	2166.917	3081.852	320
777529	2167.327	2816.523	320
3411823	2167.469	2937.651	320
11593696	2167.492	3140.529	320
7091259	2167.548	2930.995	320
3561694	2168.115	2937.761	320
9192039	2168.15	2860.225	320
4051170	2168.416	2997.88	320
3656442	2168.436	2817.187	320
1448356	2168.789	3143.189	320
7989793	2168.979	2859.225	320
15687434	2169.165	2860.001	320
6286390	2169.255	2858.67	320
16789315	2169.438	3144.408	320
16487107	2169.602	3038.365	320
7027956	2169.618	3141.856	320
4545923	2169.94	2830.827	320
12606529	2169.964	3034.26	320
5647603	2170.089	2860.0	320
13197996	2170.114	2777.695	320
7504831	2170.116	2826.279	320
1844597	2170.145	2936.758	320
1064186	2170.179	3145.626	320
3194987	2170.486	2826.722	320
2145158	2170.493	2830.382	320
2123791	2170.845	2773.7	320
9540801	2171.041	2779.579	320
2083101	2171.288	3146.401	320
9236099	2171.412	2780.243	320
7959193	2171.6	2781.907	320
1060064	2171.938	2861.438	320
3134633	2171.948	3105.691	320
10194850	2172.029	2860.661	320
4165141	2172.259	2836.369	320
4711155	2172.441	2835.37	320
4944416	2172.495	3150.059	320
7483950	2172.571	3093.71	320
1859965	2172.722	2837.366	320
83453	2173.0	2837.698	320
1150448	2173.044	2860.549	320
9420889	2173.137	2956.608	320
4045056	2173.18	2835.369	320
1421252	2173.368	2837.254	320
8469440	2173.412	2955.609	320
4938460	2173.58	2803.422	320
727512	2173.646	2837.586	320
3078994	2173.651	2935.975	320
6608065	2173.858	2803.976	320
121674	2174.019	2839.804	320
270865	2174.109	2838.584	320
4368914	2174.136	2804.641	320
699398	2174.14	2949.95	320
9107822	2174.365	2827.38	320
1440646	2174.48	2839.138	320
3615698	2174.502	2802.866	320
3279682	2174.531	3152.606	320
4851095	2174.597	2804.308	320
8049038	2174.719	3154.38	320
1035009	2174.943	2840.135	320
15373698	2175.011	2827.157	320
6728252	2175.028	2788.334	320
7283339	2175.118	2787.113	320
5648704	2175.129	2792.881	320
4481185	2175.239	2945.4	320
7407102	2175.343	2856.107	320
5543366	2175.676	2789.442	320
5729725	2175.806	2856.661	320
1791048	2176.227	2787.666	320
4459129	2176.27	2857.88	320
3389059	2176.803	2942.624	320
2468522	2176.956	2830.703	320
4208332	2177.011	2858.988	320
7976953	2177.074	2939.407	320
10461128	2177.1	3048.444	320
4231953	2177.17	2941.182	320
4364144	2177.517	2834.473	320
1645062	2177.527	2839.354	320
4377072	2177.603	2830.812	320
687085	2177.633	2846.563	320
52227	2177.65	2855.104	320
1938836	2177.702	2834.584	320
4935395	2177.734	2803.081	320
4219132	2177.816	2941.402	320
5072942	2177.87	3160.475	320
808290	2177.908	2845.675	320
553032	2177.911	2847.007	320
2498678	2177.991	2936.41	320
2655659	2178.078	2837.689	320
2775979	2178.174	2839.796	320
453808	2178.203	2854.771	320
1380759	2178.265	2839.241	320
17081239	2178.346	3215.936	320
653575	2178.461	2845.231	320
452721	2178.467	2848.115	320
1751894	2178.724	2837.687	320
887806	2178.729	2840.128	320
2161818	2178.734	2795.204	320
988973	2178.745	2848.558	320
1641063	2178.76	2856.655	320
1261711	2178.925	2846.228	320
3209219	2179.012	2795.647	320
3042988	2179.033	2854.436	320
12806261	2179.072	3161.36	320
3430466	2179.194	2794.537	320
8328528	2179.229	3195.081	320
5029586	2179.377	2793.539	320
1946477	2179.475	2796.534	320
92820	2179.481	2847.225	320
1348737	2179.496	2854.99	320
113354	2179.499	2856.432	320
3140325	2179.499	3191.198	320
1094769	2179.589	2855.655	320
5141348	2179.644	2931.97	320
60256	2179.666	2847.669	320
34615	2179.944	2848.112	320
1870737	2179.945	2800.748	320
11734367	2180.235	2855.321	320
4650528	2180.291	2932.08	320
1379389	2180.32	2851.55	320
10244506	2180.329	2855.987	320
10266778	2180.359	2967.575	320
11837939	2180.381	2835.244	320
9265665	2180.473	2835.244	320
15949764	2180.519	2858.87	320
3046705	2180.735	2827.146	320
2083440	2180.767	2796.198	320
11131646	2181.11	3165.128	320
2112638	2181.296	3165.571	320
856743	2181.358	2863.195	320
7673139	2181.573	2926.864	320
2014418	2181.707	2852.767	320
1704163	2181.754	3163.795	320
138466	2181.913	2863.748	320
5340686	2182.115	2824.925	320
1405275	2182.261	2852.433	320
1060903	2182.348	2801.852	320
567294	2182.374	2863.304	320
2103887	2182.584	2876.725	320
18846792	2182.675	2971.231	320
2388689	2182.681	3022.145	320
7044110	2182.719	2803.072	320
16536697	2182.752	2819.932	320
7260557	2182.812	2803.072	320
665031	2182.835	2862.859	320
157832	2182.837	2863.857	320
692180	2182.901	2801.518	320
3804021	2182.904	2803.071	320
9747944	2182.997	2803.737	320
2215170	2183.206	2864.189	320
3574722	2183.272	2850.546	320
1788792	2183.381	2859.087	320
741095	2183.454	2801.296	320
3871025	2183.472	2858.199	320
3509869	2183.563	2857.422	320
4366567	2183.778	2825.587	320
3510031	2183.79	3023.03	320
269898	2184.003	2798.521	320
4917422	2184.024	2857.2	320
32292	2184.037	2864.077	320
1717539	2184.106	2851.875	320
1203783	2184.479	2806.174	320
2491633	2184.5	2864.52	320
6645332	2184.516	2825.142	320
1184220	2184.757	2806.728	320
7824850	2184.791	2824.254	320
12629322	2185.01	3129.07	320
5704893	2185.027	2802.735	320
2165009	2185.036	2807.393	320
1218790	2185.084	2880.048	320
3547020	2185.098	3174.327	320
5012966	2185.226	2857.974	320
15845129	2185.239	3151.92	320
1578077	2185.311	2806.505	320
5091252	2185.397	2803.288	320
2565334	2185.589	2806.948	320
10166011	2185.806	2823.697	320
2299447	2185.85	2798.74	320
2859850	2185.85	2798.851	320
5772009	2185.87	2809.166	320
2345203	2185.984	2868.066	320
631463	2186.073	2866.291	320
2304361	2186.074	2867.29	320
9337469	2186.38	3073.606	320
11319243	2186.482	3030.346	320
12066022	2186.514	3238.326	320
4298608	2186.539	2868.62	320
7264176	2186.596	2850.428	320
4722508	2186.698	2807.834	320
3758772	2186.72	2866.956	320
6350749	2186.808	3151.806	320
2313227	2186.816	2868.952	320
9879106	2186.901	3151.806	320
1145861	2187.183	2867.398	320
10910324	2187.189	2823.029	320
5890777	2187.254	2808.942	320
18079176	2187.661	3019.473	320
9791891	2187.721	2811.381	320
9251313	2187.89	2851.202	320
9054638	2187.89	2851.313	320
5675346	2187.981	2850.426	320
8208090	2187.982	2803.505	320
6507026	2187.996	2810.493	320
3540545	2188.017	2869.283	320
4906063	2188.019	2870.17	320
9860284	2188.168	2851.756	320
2191151	2188.232	2884.922	320
10949362	2188.351	2850.98	320
15842549	2188.374	3149.695	320
7813729	2188.531	2800.509	320
10427144	2188.552	2811.602	320
1862660	2188.705	2795.185	320
4220243	2188.759	2870.945	320
10243022	2188.814	2851.422	320
11698412	2188.838	3150.915	320
5287690	2188.85	2870.168	320
4697921	2188.881	2886.141	320
4474519	2189.033	2869.392	320
11158675	2189.321	3018.693	320
245581	2189.63	2796.181	320
3510380	2189.682	2823.246	320
7307016	2189.775	2823.246	320
8010977	2189.962	2872.274	320
4689122	2190.143	2870.61	320
14421081	2190.482	2759.353	320
4784802	2190.513	2870.942	320
11123939	2190.521	3018.802	320
15028230	2190.657	3184.964	320
16482993	2190.747	2848.867	320
1655428	2190.92	2794.737	320
6838153	2191.012	2890.241	320
2722756	2191.198	2795.291	320
10032072	2191.353	3019.133	320
3009418	2192.027	2794.18	320
1902213	2192.674	2794.511	320
2731841	2192.964	2849.085	320
12260135	2192.99	2767.113	320
12877404	2193.092	2772.326	320
12773550	2193.173	2766.003	320
5547261	2193.755	2876.592	320
7380356	2193.758	2877.813	320
12852935	2193.93	2823.571	320
4582248	2193.965	2793.843	320
7822258	2194.358	2853.852	320
9485937	2194.406	2878.81	320
7017491	2194.679	2876.702	320
9278184	2194.684	2879.364	320
7935073	2194.959	2878.476	320
8576578	2195.142	2877.588	320
7045646	2195.253	2791.622	320
1846665	2195.294	3195.493	320
10839159	2195.623	2792.176	320
5609318	2195.738	2851.52	320
8807928	2195.793	2880.027	320
10015149	2195.871	3016.462	320
8062494	2195.883	2878.807	320
14832643	2195.929	2950.685	320
3507966	2196.047	2868.158	320
9443831	2196.071	2880.581	320
1215972	2196.678	2812.473	320
13021206	2197.275	2882.575	320
8151120	2197.34	2868.488	320
2197050	2197.439	2871.816	320
847955	2197.806	2870.484	320
12450186	2197.942	2845.526	320
13716124	2198.108	2883.905	320
7824812	2198.341	3148.234	320
9535575	2199.005	3013.683	320
9978620	2199.01	2777.195	320
4982793	2199.13	2791.06	320
7605503	2199.283	3014.237	320
7370521	2200.058	2793.721	320
2414866	2200.375	2814.352	320
11649700	2200.39	2774.419	320
4100682	2200.517	2792.167	320
6714065	2200.796	2793.276	320
5304032	2200.979	2792.61	320
11594687	2201.039	2871.698	320
3615271	2201.414	2874.692	320
6601067	2201.414	2874.803	320
7221170	2201.442	2793.496	320
5972430	2201.515	2783.513	320
4706650	2201.626	2792.83	320
7980277	2201.983	3169.635	320
7722681	2202.048	3012.013	320
5426843	2202.061	2874.913	320
8561464	2202.077	3170.301	320
18452963	2202.1	2847.071	320
14681669	2202.241	2920.169	320
3625594	2202.615	2875.133	320
2772611	2202.715	2782.956	320
15880835	2203.091	2786.505	320
12991021	2203.365	3168.191	320
5838733	2203.743	2789.72	320
2724171	2203.986	3154.99	320
2927245	2204.245	3098.086	320
6084656	2204.641	2872.578	320
3314122	2204.66	2786.391	320
8173952	2204.727	3012.563	320
3202154	2205.307	2786.944	320
8768802	2205.31	2932.254	320
1575594	2205.378	2871.578	320
9795933	2205.401	2787.721	320
6878901	2205.561	3157.981	320
1379324	2205.77	2787.498	320
44882	2205.869	2934.804	320
996721	2205.931	2871.245	320
1704000	2206.302	2871.799	320
10094976	2206.302	3159.422	320
1047243	2206.391	2870.245	320
1502140	2206.393	2871.022	320
14883916	2206.685	3022.653	320
1336990	2206.763	2871.465	320
8099748	2206.8	2938.462	320
1837741	2206.944	2869.912	320
9190346	2207.198	2905.517	320
12143224	2207.212	2865.252	320
13840747	2207.226	3159.753	320
15881475	2207.309	3106.732	320
18281615	2207.662	2907.069	320
10944178	2207.892	3026.2	320
3823587	2207.942	2908.289	320
7201581	2208.6	3010.115	320
2838209	2208.881	2868.91	320
2522913	2208.884	2870.352	320
229247	2209.161	2870.24	320
61784	2209.621	2869.352	320
12670514	2209.882	2861.032	320
2923460	2209.899	2869.906	320
4548935	2210.901	2863.138	320
3435202	2211.096	2868.462	320
697654	2211.304	2784.603	320
5773734	2211.314	4944.829	320
2539845	2212.034	3115.707	320
6018567	2212.412	3168.173	320
3687900	2212.842	3007.667	320
11867834	2213.252	3172.608	320
727649	2214.254	2782.268	320
5625602	2214.874	2864.461	320
6919454	2214.887	2871.227	320
3331390	2214.969	2865.792	320
604086	2214.993	2782.6	320
8821675	2215.24	2863.129	320
1230789	2215.25	2867.899	320
3759305	2215.432	2867.011	320
1430055	2215.454	2782.377	320
4704841	2215.519	2863.794	320
47534	2216.201	3218.081	320
5231203	2216.635	2868.118	320
14461605	2216.677	3177.704	320
5814993	2216.818	2867.563	320
10161103	2216.911	2867.674	320
11072801	2216.949	2983.034	320
3935253	2217.358	3004.108	320
6515292	2217.454	3005.55	320
5260892	2217.601	3082.087	320
4189865	2217.637	3004.773	320
1512131	2218.579	2871.109	320
1891902	2218.956	2779.042	320
914943	2219.234	2779.597	320
1977978	2219.604	2780.15	320
4470450	2219.667	3004.437	320
3937175	2220.036	3004.214	320
12386435	2220.099	2989.018	320
5281876	2220.402	3002.55	320
1788120	2221.05	3003.658	320
5393207	2221.223	3045.475	320
13874120	2221.399	2992.897	320
3701543	2221.509	3001.993	320
11206290	2221.584	2993.23	320
7160150	2221.908	2778.038	320
1489622	2222.005	2876.205	320
1643726	2222.008	2877.536	320
1777700	2222.09	2776.707	320
1422765	2222.184	2777.372	320
6188240	2222.235	2995.78	320
2563681	2222.286	2878.09	320
1843340	2222.375	2876.759	320
7448979	2222.451	2868.218	320
1947314	2222.471	2878.534	320
11355226	2222.508	2993.561	320
6690306	2222.974	2995.778	320
4530815	2223.106	2872.764	320
2308184	2223.117	2878.311	320
1685927	2223.578	2877.755	320
7085106	2223.655	2774.264	320
9037287	2223.75	3159.056	320
834356	2223.761	3212.853	320
1983726	2223.856	2878.309	320
14522810	2224.259	2896.056	320
1961356	2224.766	2776.036	320
10043490	2224.944	2868.102	320
1271790	2225.105	2999.878	320
13291194	2225.167	2936.208	320
123781	2225.321	2776.368	320
4324287	2225.566	2999.434	320
9898268	2225.979	2782.578	320
5600152	2226.116	2949.296	320
1221495	2226.313	3003.647	320
10594018	2226.324	3009.748	320
17365427	2226.368	2936.539	320
13328	2226.525	3113.905	320
1858154	2226.591	3004.091	320
1990124	2226.773	3002.981	320
8546496	2226.97	3009.414	320
2198132	2226.998	2880.3	320
27615	2227.224	2997.656	320
13572964	2227.226	2998.432	320
3446272	2227.327	3002.758	320
2972628	2227.604	3003.201	320
3198033	2227.636	2779.913	320
2576962	2227.646	2880.853	320
2705514	2227.687	2998.21	320
2651831	2227.778	2997.433	320
2390248	2227.829	2880.409	320
1798151	2227.91	2778.36	320
4123361	2228.013	2879.965	320
7498088	2228.099	2780.467	320
2773040	2228.145	2996.545	320
655178	2228.241	2997.987	320
753288	2228.514	2996.322	320
557602	2228.565	2878.633	320
2193504	2228.609	2997.764	320
76897	2228.654	2876.969	320
11808867	2228.736	3063.652	320
10169051	2228.922	3064.096	320
361241	2228.936	2879.63	320
2147981	2229.192	2772.922	320
948014	2229.378	2773.587	320
12601811	2229.5	3076.74	320
1854752	2229.529	2995.766	320
3138014	2229.579	2877.965	320
5903922	2229.939	2777.136	320
1352628	2229.993	2996.985	320
4820191	2230.084	2996.208	320
710193	2230.109	3009.408	320
7458458	2230.224	2877.299	320
3255109	2230.496	2779.02	320
343958	2230.513	2883.399	320
5431029	2230.543	2995.209	320
3222609	2230.69	2783.568	320
1829124	2230.716	2892.938	320
1433767	2230.755	3009.296	320
9975344	2230.82	2946.957	320
401988	2230.945	2772.142	320
7802386	2230.959	2779.463	320
3552641	2231.077	2889.055	320
4122773	2231.153	2784.454	320
8693416	2231.239	3068.639	320
6825428	2231.376	2996.317	320
3421662	2231.514	2876.298	320
744294	2231.647	2897.373	320
4326423	2231.709	2785.451	320
2303505	2231.78	3014.064	320
7399969	2231.871	2774.026	320
3173276	2231.889	2783.011	320
3567677	2231.93	2995.983	320
4153625	2231.987	2786.006	320
4453813	2232.077	2784.785	320
3633695	2232.167	2783.454	320
3067874	2232.18	2886.501	320
1263505	2232.238	2772.361	320
3852925	2232.368	2888.276	320
4313901	2232.478	2897.482	320
10559580	2232.637	3075.957	320
7899930	2233.024	2893.155	320
6701452	2233.099	2788.111	320
1259453	2233.31	2897.702	320
6601439	2233.374	2787.223	320
7054836	2233.377	2788.554	320
5050700	2233.497	2995.203	320
7000583	2233.652	2787.777	320
6470571	2233.958	2994.87	320
7932332	2234.083	2915.56	320
627537	2234.096	3018.385	320
2940768	2234.2	3072.183	320
9302214	2234.209	3077.285	320
2091544	2234.363	3156.817	320
10296237	2234.383	3071.628	320
7835645	2234.576	2787.997	320
10730590	2234.859	2791.324	320
6623000	2234.982	2902.913	320
3249063	2236.383	2767.695	320
9084775	2237.031	2912.337	320
194474	2237.299	2907.9	320
792462	2237.667	2907.233	320
718529	2237.705	3022.593	320
132913	2238.041	2909.34	320
4359889	2238.131	2908.12	320
331489	2238.226	2909.673	320
7128356	2238.415	2911.891	320
7188168	2238.564	3085.596	320
4670899	2238.591	2907.564	320
2754015	2238.686	2909.006	320
9170097	2238.753	2991.644	320
3230526	2238.822	3027.472	320
6508171	2238.906	3071.397	320
1038789	2238.936	2990.867	320
12946033	2239.019	2793.978	320
7301581	2239.115	3083.82	320
5506169	2239.122	2991.532	320
5956301	2239.526	2769.685	320
6939807	2239.581	3086.149	320
5109665	2239.674	2990.422	320
133671	2239.677	2991.864	320
8822765	2239.852	3035.013	320
441927	2239.892	2768.021	320
895836	2239.987	2769.463	320
1261815	2240.137	3087.035	320
1261266	2240.353	2767.798	320
14333539	2240.397	2790.759	320
1049655	2240.631	2768.352	320
265691	2240.953	3031.683	320
1918197	2241.376	2915.435	320
468584	2241.466	2914.214	320
508206	2241.559	2914.547	320
1677961	2241.561	2915.878	320
261953	2241.832	2768.461	320
8434933	2241.92	2910.22	320
911033	2242.107	2767.573	320
2269953	2242.117	2916.875	320
5777309	2242.369	3143.601	320
2832326	2242.39	2914.545	320
7029878	2242.476	2911.439	320
799132	2242.485	2916.098	320
3285591	2242.488	2917.429	320
1495203	2242.575	2914.989	320
3548560	2242.66	2767.239	320
9712393	2242.831	3095.682	320
2072640	2242.948	2916.985	320
4820860	2242.963	3068.505	320
9761097	2243.048	2920.867	320
134912	2243.305	2766.239	320
2626971	2243.307	2767.681	320
656610	2243.397	2766.128	320
798840	2243.676	2767.459	320
2660027	2243.733	3036.891	320
1318753	2243.78	2917.205	320
1268858	2243.919	3037.334	320
1693315	2244.136	2766.46	320
1078952	2244.137	2767.236	320
12331235	2244.196	2989.526	320
11907565	2244.299	3091.353	320
5335400	2244.376	3035.448	320
1902233	2244.382	3038.332	320
2992908	2244.49	3094.68	320
1615576	2244.655	3036.002	320
14341312	2244.816	3120.192	320
1567520	2244.9	3067.392	320
10330336	2245.024	2988.304	320
16479059	2245.193	2931.955	320
8624436	2245.27	3067.946	320
17913446	2245.332	2908.106	320
10769749	2245.395	2988.969	320
12568385	2245.648	3120.412	320
426382	2245.711	2769.23	320
6832099	2245.772	3040.88	320
16418070	2245.783	3046.648	320
797787	2245.884	3099.336	320
13049497	2246.006	3066.836	320
1689423	2246.05	3041.434	320
1779146	2246.07	3099.891	320
12512728	2246.336	3046.425	320
12687525	2246.357	2769.45	320
2340018	2246.418	3040.768	320
12015406	2246.47	3068.055	320
4443557	2246.601	3039.769	320
1089388	2246.8	3095.674	320
825309	2246.933	2924.409	320
2289410	2246.971	3040.434	320
1197758	2247.084	3098.89	320
3723250	2247.104	2773.331	320
9294125	2247.188	2769.005	320
5060233	2247.211	2924.963	320
7799349	2247.222	2930.953	320
1774716	2247.393	2923.853	320
11262699	2247.752	2774.439	320
4534675	2247.824	2763.901	320
2857454	2247.825	3100.331	320
801126	2247.856	2924.74	320
7536558	2248.003	3145.144	320
18124074	2248.126	3064.835	320
2205522	2248.134	2925.183	320
7248952	2248.364	3092.454	320
1571600	2248.412	2925.737	320
15884803	2248.487	2916.863	320
16891029	2248.488	2916.974	320
12111379	2248.512	3121.849	320
410697	2248.939	3103.767	320
5494960	2249.227	3061.505	320
4216973	2249.386	3047.861	320
1975994	2249.498	3106.207	320
6290220	2249.664	3048.415	320
2140986	2249.776	3106.761	320
5003022	2250.243	2773.547	320
7339623	2250.475	2990.401	320
1277182	2250.521	2774.212	320
10294508	2250.535	3117.519	320
15884904	2250.869	3050.853	320
6172075	2251.121	2990.289	320
12136788	2251.202	2984.41	320
2742724	2251.33	2762.785	320
12812461	2251.48	2984.964	320
1105826	2251.503	3044.53	320
11790382	2251.512	3049.188	320
6676131	2251.642	3117.184	320
4039531	2251.646	2927.284	320
7896196	2251.787	3096.219	320
10283641	2251.961	3042.754	320
2589555	2251.997	3109.64	320
6444550	2252.056	3044.196	320
2090706	2252.109	2927.837	320
5375205	2252.295	2928.503	320
4668886	2252.55	3109.196	320
6968778	2252.581	2789.294	320
5689705	2252.621	2762.117	320
8948595	2252.792	3043.085	320
10600644	2253.07	3043.639	320
8107832	2253.254	3042.862	320
3376155	2253.31	2927.946	320
4343493	2253.582	3117.846	320
4817048	2254.231	2926.835	320
4247150	2254.414	2925.947	320
2611105	2254.416	2927.389	320
1706403	2254.59	2777.754	320
2185132	2254.97	2927.166	320
1800043	2255.144	2777.531	320
3057519	2255.425	2779.638	320
14498522	2255.469	3042.525	320
1169417	2255.975	2777.751	320
1539632	2255.978	2779.082	320
7650125	2256.181	2788.843	320
3454116	2256.484	2994.383	320
6859078	2256.535	2924.945	320
10794556	2256.566	3325.155	320
2580392	2256.575	3089.998	320
4410500	2256.637	2785.736	320
8887512	2256.659	3085.672	320
1391250	2256.809	2779.302	320
5014461	2256.998	2925.499	320
1812048	2257.275	2781.742	320
1562357	2257.365	2780.411	320
6265955	2257.368	2925.942	320
3530486	2257.461	2782.185	320
6235427	2257.829	2925.719	320
7254543	2257.919	2924.277	320
11904308	2258.122	2982.289	320
6500729	2258.341	2759.777	320
4050717	2258.385	2782.516	320
6501310	2258.473	2924.719	320
6178674	2258.557	3112.29	320
4463784	2258.925	3111.735	320
7211683	2258.935	2924.497	320
4927686	2258.944	3121.385	320
8895552	2259.025	3115.839	320
6543765	2259.203	3112.4	320
4023497	2259.263	2759.332	320
7813615	2259.305	2925.05	320
17511277	2259.442	3140.685	320
14602723	2259.891	3085.777	320
6052222	2259.907	2758.221	320
15462762	2259.983	2893.547	320
6722083	2260.183	2757.444	320
12365260	2260.256	2843.298	320
2578255	2260.522	2789.611	320
16658725	2260.542	2896.319	320
3141600	2260.611	2788.28	320
1157787	2260.614	3125.819	320
2798320	2260.63	3086.219	320
14693838	2260.641	3140.017	320
6601350	2260.647	2758.552	320
4441450	2260.8	2790.276	320
2579914	2260.8	3126.262	320
44857	2260.813	3085.331	320
3931826	2261.001	3086.773	320
12257792	2261.098	2897.427	320
3799502	2261.248	2783.287	320
4650839	2261.265	3128.369	320
10466236	2261.273	3132.473	320
15129586	2261.329	1768.784	320
12336879	2261.376	3138.13	320
3485268	2261.383	2757.442	320
2648400	2261.462	3086.55	320
5269654	2261.591	992.1	320
9526137	2261.597	3108.956	320
3078863	2261.628	2788.832	320
10100129	2261.643	3133.027	320
8131185	2261.661	2757.996	320
12028224	2261.68	3200.135	320
3510414	2261.709	2783.064	320
4796760	2261.831	3086.328	320
4651105	2261.906	2789.497	320
13680508	2262.06	2773.635	320
4313935	2262.17	2782.842	320
5122634	2262.372	3127.701	320
4510604	2262.449	2783.396	320
4972056	2262.558	2792.158	320
3459901	2262.648	2790.938	320
3983832	2262.91	2783.173	320
3491475	2262.937	3085.771	320
5282246	2263.093	2782.396	320
1121667	2263.113	3129.031	320
10529351	2263.449	3111.948	320
13469630	2263.579	2843.403	320
4623555	2263.58	2795.595	320
3793355	2263.667	2792.933	320
12273879	2263.856	2843.402	320
1541708	2263.945	2793.487	320
9889003	2264.043	2796.482	320
13036036	2264.503	2843.512	320
5854820	2264.594	2794.706	320
9440762	2264.597	2796.259	320
1191854	2264.97	2798.255	320
12513144	2265.063	2798.587	320
12061510	2265.153	2797.256	320
3043909	2265.173	2903.853	320
5527149	2265.335	3084.546	320
12275639	2265.396	2779.73	320
14436305	2265.433	2799.141	320
11434899	2265.569	3110.169	320
12899530	2265.636	2904.85	320
1698032	2265.791	2841.402	320
6560267	2265.882	3080.552	320
11154406	2265.912	2903.962	320
12027895	2265.969	3078.001	320
1624773	2266.19	2904.516	320
8344758	2266.238	3073.785	320
14477621	2266.455	2802.356	320
8683266	2266.642	2755.435	320
9087470	2266.792	3074.117	320
1988671	2266.823	2801.911	320
80327	2266.96	2921.264	320
80206	2267.193	2802.243	320
7852470	2267.249	2783.054	320
15810771	2267.319	3107.836	320
6835820	2267.38	3139.893	320
8507711	2267.559	2848.387	320
5794003	2267.566	3140.336	320
11475130	2267.635	2839.846	320
8401194	2267.659	2852.713	320
4283523	2267.748	2754.878	320
4786463	2267.841	2754.767	320
5405670	2267.934	3139.559	320
8548687	2268.033	2854.708	320
12778317	2268.094	2838.846	320
9097541	2268.3	2849.495	320
2369215	2268.473	3035.845	320
8421453	2268.678	2854.485	320
7545677	2268.765	3139.779	320
8243320	2268.768	3141.11	320
5254998	2268.812	2779.945	320
7305835	2268.861	2853.598	320
5944548	2268.995	2779.168	320
11321456	2269.122	3085.315	320
1922893	2269.145	2856.925	320
1746326	2269.329	2808.451	320
6444389	2269.456	2778.834	320
3931266	2269.517	2810.447	320
10846621	2269.585	3086.313	320
6382328	2269.608	2857.811	320
742351	2269.685	2753.765	320
1238475	2269.711	2911.387	320
13672732	2269.744	3072.669	320
11054844	2269.804	2815.438	320
1023841	2269.882	2808.117	320
5578648	2269.886	2858.365	320
6752494	2269.918	2778.612	320
10071800	2269.992	2913.272	320
6013794	2270.105	2780.053	320
5949785	2270.161	2857.477	320
9949572	2270.177	2913.826	320
10468858	2270.267	2912.495	320
7160026	2270.288	2779.166	320
6139985	2270.346	2809.447	320
5435582	2270.349	2859.252	320
6269750	2270.458	2915.712	320
7381685	2270.472	2779.054	320
13865094	2270.575	3073.0	320
7762073	2270.623	2809.336	320
10554423	2270.843	2779.608	320
15855679	2270.994	2810.555	320
11899920	2271.048	3030.627	320
4734440	2271.091	2860.692	320
503718	2271.458	2859.804	320
15923076	2271.498	3072.555	320
16839090	2271.506	3028.74	320
10748205	2271.547	3146.429	320
5923128	2271.564	2914.933	320
4491543	2271.646	2861.579	320
10276241	2271.908	3142.103	320
8549066	2272.193	3146.206	320
4049626	2272.475	2860.468	320
2629974	2272.478	2861.799	320
13525677	2272.749	3147.204	320
651732	2272.944	2864.238	320
4894611	2273.046	2869.341	320
9209406	2273.311	2815.21	320
2441281	2273.313	1181.645	320
2073803	2273.314	2864.792	320
2970442	2273.5	2865.236	320
2642031	2273.587	2862.684	320
1318953	2273.59	2863.904	320
1555233	2273.778	2865.679	320
16790112	2274.013	3036.278	320
1587947	2274.053	2864.791	320
1038036	2274.239	2865.456	320
9119698	2274.38	3131.338	320
2359207	2274.606	2864.457	320
9313163	2274.621	2776.162	320
787200	2274.884	2865.011	320
6581925	2274.936	3132.447	320
9735693	2274.993	2777.493	320
39213	2275.35	2915.48	320
2754067	2275.444	2916.146	320
3480581	2275.538	2916.811	320
6719824	2275.902	2818.089	320
10074037	2276.126	3031.061	320
3654028	2276.183	2916.477	320
13552618	2276.33	3040.711	320
856554	2276.457	2914.813	320
548305	2276.552	2916.254	320
221185	2276.644	2916.254	320
16025902	2276.759	3072.212	320
11237311	2276.976	3040.598	320
12568782	2277.158	3039.489	320
10301296	2277.446	3045.034	320
123042	2277.665	2822.633	320
9771908	2277.714	3040.708	320
12416673	2277.742	3103.047	320
2892478	2277.807	3040.708	320
4049575	2277.948	2873.657	320
3907681	2278.026	2914.699	320
15212164	2278.042	2971.048	320
7417730	2278.311	2774.38	320
7437372	2278.498	2775.711	320
6163872	2278.594	2970.048	320
10274852	2278.689	2875.098	320
5329187	2278.771	2869.884	320
10326758	2278.794	92.48	320
9789582	2278.864	2774.047	320
721770	2278.949	2914.253	320
8038553	2278.959	2775.488	320
8561941	2279.334	3066.883	320
2133533	2279.502	3106.26	320
12479282	2279.594	2769.719	320
4603759	2279.742	2750.418	320
12790547	2279.908	3029.168	320
1364103	2280.002	3029.833	320
9074932	2280.14	3053.792	320
7442851	2280.165	3067.103	320
1965221	2280.466	3079.526	320
3635111	2280.976	2912.253	320
2105162	2281.447	3061.443	320
5074431	2281.993	2913.249	320
2259855	2282.084	2912.472	320
15924718	2282.236	1981.384	320
8240057	2282.369	2772.043	320
450002	2283.1	2912.581	320
4963512	2283.744	2911.471	320
11586777	2284.104	2762.057	320
11255407	2284.379	2761.169	320
14380813	2284.831	3045.02	320
10004169	2284.848	2813.413	320
10730043	2284.935	2762.277	320
6368547	2285.127	2910.692	320
2070109	2285.681	2910.469	320
9665362	2285.966	2770.483	320
1591061	2286.602	2909.136	320
12470452	2286.698	2766.711	320
1280864	2287.44	2768.928	320
10666945	2287.533	2769.038	320
5598234	2287.65	3118.668	320
1378937	2287.952	2891.386	320
8621206	2288.538	2908.023	320
8919874	2288.83	2771.587	320
12031902	2288.831	2771.698	320
10505923	2289.384	2771.364	320
10221064	2289.386	2965.147	320
3612815	2289.461	2907.578	320
9319163	2289.462	2908.243	320
9571307	2290.015	2907.909	320
265186	2290.386	2908.463	320
11475260	2291.036	3006.74	320
8632914	2291.308	2908.018	320
13981022	2291.569	2899.92	320
3005785	2291.684	3007.848	320
12077076	2292.229	2906.685	320
12044297	2292.69	2906.462	320
12320803	2293.42	2902.024	320
18028562	2294.242	201.821	320
11502570	2294.318	2984.993	320
6209938	2295.112	3014.275	320
13477472	2297.856	2904.345	320
267249	2299.414	202.033	320
14827158	2300.034	2933.07	320
1971425	2301.171	2755.591	320
9385495	2301.193	2959.578	320
17961802	2306.639	2766.34	320
5453748	2307.862	2970.879	320
3911505	2308.018	3052.518	320
7630770	2308.705	3121.844	320
15237872	2308.732	2846.866	320
9457720	2309.154	2970.766	320
9368237	2310.594	3047.855	320
14736256	2310.665	3036.762	320
9619995	2310.751	2984.961	320
7184881	2311.37	3019.124	320
14181536	2311.411	2992.281	320
10586237	2311.877	3042.528	320
14111322	2311.957	3036.094	320
15827485	2312.037	3029.772	320
9571001	2314.238	4130.013	320
11603543	2319.738	929.317	320
3900409	2320.065	955.494	320
6756094	2321.294	970.466	320
1299917	2321.849	1645.765	320
2231219	2321.871	837.69	320
3096278	2325.369	2760.203	320
1538032	2325.59	1092.141	320
213424	2328.228	2758.645	320
3124398	2336.001	548.93	320
3421695	2337.298	357.807	320
2369969	2337.374	252.874	320
2955734	2339.393	149.6	320
13220294	2346.856	1057.936	320
15677068	2346.946	1056.716	320
6119523	2347.917	1033.753	320
12548460	2348.406	1047.728	320
3387128	2349.147	1918.14	320
11859442	2349.368	1019.774	320
2856661	2367.257	1489.832	320
4190607	2368.059	2103.013	320
3410609	2370.624	1222.389	320
12284390	2379.868	2775.295	320
2159651	2381.55	2785.941	320
10860112	2383.003	1080.162	320
6366393	2383.487	1623.907	320
11807926	2388.916	1081.704	320
17473595	2422.377	1002.552	320
2402559	2430.363	2772.093	320
11719361	2430.522	1061.215	320
7774231	2433.349	362.948	320
12584612	2442.951	2061.163	320
7359623	2470.973	1988.012	320
2179799	2480.088	952.86	320
9765593	2514.04	3958.367	320
1924283	2523.497	957.325	320
18220060	2557.106	3544.653	320
7139281	2559.323	2617.444	320
15699660	2566.091	4390.979	320
9295474	2579.616	503.987	320
13829294	2594.168	1266.889	320
13148169	2598.38	1003.106	320
15128616	2610.049	4205.766	320
12984848	2610.817	3584.817	320
13652244	2616.674	125.891	320
4310883	2622.455	4372.016	320
9681195	2625.43	950.81	320
656424	2643.427	2026.176	320
11182777	2660.572	4663.893	320
18182009	2670.495	2181.417	320
6863183	2674.806	149.852	320
5837436	2683.251	1254.409	320
676907	2720.576	4568.387	320
4935414	2740.94	4450.881	320
15007222	2767.976	1627.507	320
2180283	2769.495	3479.364	320
13032785	2789.209	140.21	320
8135577	2804.589	216.274	320
12098388	2827.02	707.622	320
882418	2829.095	1028.297	320
1561231	2829.51	2144.959	320
3584754	2835.619	2500.345	320
13961036	2850.813	3869.995	320
12802273	2912.701	3591.574	320
18607309	2926.138	4317.762	320
1426163	2934.088	3874.61	320
10819912	2961.162	1339.192	320
5211700	2975.204	2994.36	320
11095858	3043.552	3111.147	320
14127298	3043.553	1604.59	320
7397773	3049.511	3540.963	320
443925	3086.936	2503.653	320
84814	3090.746	199.107	320
11563057	3110.633	3142.526	320
1828879	3127.984	2230.929	320
14564727	3169.864	3728.646	320
4276730	3198.974	2883.914	320
665643	3207.613	4535.764	320
2586287	3221.813	2040.303	320
16435603	3247.308	2911.335	320
17034703	3256.695	2335.295	320
1044329	3288.118	619.257	320
7770080	3348.38	4024.819	320
4555160	3362.283	2520.345	320
2054945	3379.832	217.661	320
8026363	3418.03	404.387	320
15116728	3435.355	4189.383	320
15825828	3444.658	4229.188	320
5352997	3448.872	4211.432	320
6518984	3453.222	4011.874	320
4013056	3453.32	205.66	320
7836287	3461.06	4728.09	320
6409471	3489.622	1552.202	320
7078307	3494.103	3230.903	320
6230377	3505.708	220.097	320
5412103	3542.991	2431.726	320
11950418	3544.75	2434.496	320
16265755	3574.849	2641.98	320
4568686	3581.218	2693.326	320
8292898	3593.132	2695.634	320
15224782	3602.053	3299.594	320
15923854	3602.951	3908.338	320
11925273	3605.843	2679.084	320
8308010	3608.461	2593.335	320
8059048	3612.674	3977.425	320
5453374	3620.081	2638.46	320
4493215	3620.326	2671.959	320
16314420	3621.612	2512.449	320
1064809	3621.712	2465.085	320
10997522	3642.427	2691.997	320
10117153	3643.279	2756.33	320
8100785	3650.377	3323.024	320
16791854	3658.674	2690.859	320
1268594	3659.13	2531.24	320
1763015	3659.689	2690.746	320
8976564	3661.723	2692.628	320
8984335	3661.96	4024.813	320
9210137	3663.137	1248.962	320
372261	3673.179	3322.54	320
2002435	3678.248	2691.711	320
4629565	3678.355	2856.765	320
18680351	3678.984	2951.159	320
11543535	3679.624	2739.184	320
1675332	3679.709	803.909	320
9617944	3682.732	2721.542	320
6426252	3683.738	2715.772	320
1309751	3683.788	2691.923	320
18141682	3686.373	2953.032	320
7804685	3694.435	2865.388	320
1917532	3695.712	2647.977	320
12555775	3699.051	2865.713	320
9631843	3700.874	2695.554	320
2161130	3706.974	2542.469	320
9522159	3707.859	2520.616	320
3460785	3717.133	2701.071	320
3427721	3729.505	3957.363	320
14889881	3733.865	2713.243	320
6307325	3735.715	2977.126	320
13205681	3737.943	2512.687	320
49965	3751.595	4916.031	320
11800435	3764.735	2732.378	320
1611463	3782.704	2765.624	320
7512717	3783.119	2739.112	320
2315066	3786.64	802.611	320
6516869	3790.692	3371.138	320
2527654	3793.594	4024.137	320
16738979	3799.706	4035.44	320
9587840	3803.191	2708.019	320
2148767	3826.227	4998.538	320
8141373	3827.117	2663.386	320
1016907	3856.409	3310.57	320
1249153	3870.733	2527.207	320
5251068	3876.011	2324.985	320
6396538	3895.276	3363.967	320
9415887	3916.942	223.475	320
1607332	3941.455	3322.956	320
14412536	3943.302	3322.953	320
3487194	3957.925	3344.446	320
401658	3965.437	3311.045	320
